customer_id,name,city,age,update_date
1,Customer_1,New York,69,2021-07-12
2,Customer_2,San Francisco,46,2022-02-26
3,Customer_3,Seattle,64,2022-03-11
4,Customer_4,New York,34,2022-03-12
5,Customer_5,Miami,43,2023-12-14
6,Customer_6,Seattle,21,2021-11-04
7,Customer_7,San Francisco,33,2020-07-04
8,Customer_8,New York,65,2020-03-01
9,Customer_9,Los Angeles,48,2020-05-31
10,Customer_10,New York,49,2022-01-25
11,Customer_11,Miami,41,2021-12-22
12,Customer_12,Seattle,45,2023-06-12
13,Customer_13,Seattle,22,2022-01-01
14,Customer_14,Los Angeles,54,2024-01-01
15,Customer_15,Miami,31,2022-03-07
16,Customer_16,Los Angeles,27,2022-05-23
17,Customer_17,New York,61,2023-10-10
18,Customer_18,San Francisco,66,2021-06-11
19,Customer_19,Miami,34,2022-01-03
20,Customer_20,Miami,65,2023-06-14
21,Customer_21,Los Angeles,32,2022-12-10
22,Customer_22,Seattle,22,2023-09-23
23,Customer_23,San Francisco,63,2020-03-03
24,Customer_24,Los Angeles,32,2021-07-26
25,Customer_25,New York,69,2022-12-04
26,Customer_26,Miami,32,2021-06-02
27,Customer_27,San Francisco,45,2023-05-25
28,Customer_28,Miami,51,2022-10-03
29,Customer_29,Los Angeles,41,2020-11-02
30,Customer_30,San Francisco,42,2020-11-26
31,Customer_31,San Francisco,41,2020-04-05
32,Customer_32,New York,45,2023-07-11
33,Customer_33,New York,68,2020-04-15
34,Customer_34,Los Angeles,64,2020-01-20
35,Customer_35,New York,58,2021-05-18
36,Customer_36,Los Angeles,59,2021-09-10
37,Customer_37,San Francisco,60,2020-03-12
38,Customer_38,Miami,20,2023-06-21
39,Customer_39,San Francisco,40,2021-02-15
40,Customer_40,Miami,28,2022-12-02
41,Customer_41,San Francisco,73,2022-07-18
42,Customer_42,Miami,56,2021-01-28
43,Customer_43,New York,45,2021-03-26
44,Customer_44,Los Angeles,49,2020-07-12
45,Customer_45,Los Angeles,68,2021-05-02
46,Customer_46,San Francisco,50,2021-03-09
47,Customer_47,Los Angeles,60,2021-10-24
48,Customer_48,San Francisco,25,2022-01-26
49,Customer_49,San Francisco,64,2022-07-18
50,Customer_50,New York,49,2020-09-04
51,Customer_51,Miami,26,2021-03-20
52,Customer_52,New York,48,2021-08-10
53,Customer_53,New York,43,2021-04-06
54,Customer_54,San Francisco,39,2021-01-31
55,Customer_55,New York,71,2023-11-01
56,Customer_56,San Francisco,23,2021-10-08
57,Customer_57,Seattle,44,2023-07-07
58,Customer_58,Los Angeles,75,2020-12-29
59,Customer_59,Miami,73,2022-05-30
60,Customer_60,New York,36,2023-03-04
61,Customer_61,San Francisco,61,2020-10-15
62,Customer_62,San Francisco,54,2023-11-08
63,Customer_63,Miami,70,2021-05-15
64,Customer_64,Miami,48,2023-04-06
65,Customer_65,New York,27,2020-02-15
66,Customer_66,New York,65,2022-06-16
67,Customer_67,New York,36,2022-04-14
68,Customer_68,Los Angeles,53,2021-03-15
69,Customer_69,Seattle,38,2023-02-09
70,Customer_70,San Francisco,72,2020-10-30
71,Customer_71,Miami,46,2022-12-24
72,Customer_72,Miami,29,2021-05-13
73,Customer_73,Los Angeles,20,2020-07-08
74,Customer_74,Seattle,45,2023-03-31
75,Customer_75,New York,33,2023-04-18
76,Customer_76,Miami,40,2021-01-12
77,Customer_77,Los Angeles,70,2021-05-19
78,Customer_78,San Francisco,25,2021-11-17
79,Customer_79,Miami,73,2023-07-14
80,Customer_80,Los Angeles,58,2023-01-20
81,Customer_81,Miami,66,2020-10-10
82,Customer_82,New York,64,2021-04-14
83,Customer_83,Seattle,62,2023-06-25
84,Customer_84,Miami,27,2020-01-23
85,Customer_85,Miami,73,2020-12-27
86,Customer_86,Seattle,45,2020-12-21
87,Customer_87,Miami,32,2023-03-04
88,Customer_88,Miami,31,2020-04-23
89,Customer_89,Seattle,72,2023-07-24
90,Customer_90,San Francisco,24,2020-06-23
91,Customer_91,Miami,47,2023-06-26
92,Customer_92,Los Angeles,38,2023-08-20
93,Customer_93,Miami,62,2022-01-12
94,Customer_94,New York,65,2021-06-03
95,Customer_95,San Francisco,26,2023-06-11
96,Customer_96,Miami,27,2022-10-26
97,Customer_97,San Francisco,53,2022-03-11
98,Customer_98,Miami,22,2021-09-25
99,Customer_99,San Francisco,26,2022-01-30
100,Customer_100,Seattle,50,2021-01-05
101,Customer_101,San Francisco,64,2023-04-25
102,Customer_102,Miami,35,2022-02-09
103,Customer_103,Los Angeles,64,2022-02-06
104,Customer_104,Los Angeles,26,2022-04-05
105,Customer_105,Miami,43,2021-08-09
106,Customer_106,Miami,62,2020-09-04
107,Customer_107,New York,28,2021-09-06
108,Customer_108,Los Angeles,26,2022-06-19
109,Customer_109,New York,63,2023-02-01
110,Customer_110,Miami,28,2020-08-08
111,Customer_111,Miami,25,2021-05-16
112,Customer_112,Seattle,40,2021-05-05
113,Customer_113,Miami,62,2022-01-14
114,Customer_114,San Francisco,24,2021-05-30
115,Customer_115,Miami,74,2020-01-20
116,Customer_116,Los Angeles,49,2022-01-19
117,Customer_117,Los Angeles,35,2020-05-12
118,Customer_118,San Francisco,49,2023-08-31
119,Customer_119,Miami,47,2020-04-27
120,Customer_120,Los Angeles,62,2020-04-30
121,Customer_121,New York,39,2022-12-26
122,Customer_122,New York,32,2023-03-09
123,Customer_123,Seattle,54,2021-10-16
124,Customer_124,Miami,61,2022-10-14
125,Customer_125,Los Angeles,46,2021-11-08
126,Customer_126,Miami,49,2021-04-03
127,Customer_127,Miami,48,2023-11-20
128,Customer_128,Seattle,28,2023-01-02
129,Customer_129,Seattle,25,2020-08-02
130,Customer_130,Los Angeles,24,2022-06-23
131,Customer_131,Seattle,50,2021-07-26
132,Customer_132,Miami,37,2023-12-01
133,Customer_133,New York,36,2022-09-24
134,Customer_134,San Francisco,63,2021-06-10
135,Customer_135,San Francisco,40,2023-03-25
136,Customer_136,New York,56,2020-09-02
137,Customer_137,San Francisco,68,2022-04-28
138,Customer_138,Miami,44,2022-06-21
139,Customer_139,Seattle,70,2023-02-01
140,Customer_140,Seattle,64,2021-02-02
141,Customer_141,Miami,61,2023-03-30
142,Customer_142,Los Angeles,49,2020-02-24
143,Customer_143,Seattle,56,2020-03-31
144,Customer_144,Los Angeles,22,2020-07-16
145,Customer_145,New York,56,2023-09-24
146,Customer_146,San Francisco,21,2023-03-28
147,Customer_147,Seattle,60,2022-05-23
148,Customer_148,Los Angeles,22,2021-01-31
149,Customer_149,Miami,72,2020-08-19
150,Customer_150,Los Angeles,56,2022-09-01
151,Customer_151,New York,69,2023-12-13
152,Customer_152,Los Angeles,65,2023-03-12
153,Customer_153,Miami,34,2021-07-23
154,Customer_154,New York,24,2021-02-17
155,Customer_155,Seattle,50,2020-01-25
156,Customer_156,Miami,28,2021-10-21
157,Customer_157,New York,40,2022-09-04
158,Customer_158,New York,64,2022-01-18
159,Customer_159,New York,41,2021-09-18
160,Customer_160,San Francisco,31,2021-02-15
161,Customer_161,Miami,32,2021-07-14
162,Customer_162,Los Angeles,20,2021-08-21
163,Customer_163,Miami,31,2021-06-22
164,Customer_164,Miami,53,2020-09-28
165,Customer_165,New York,48,2022-05-23
166,Customer_166,Seattle,39,2020-10-04
167,Customer_167,San Francisco,57,2020-11-02
168,Customer_168,San Francisco,44,2023-07-11
169,Customer_169,Miami,68,2023-08-28
170,Customer_170,Miami,54,2023-11-25
171,Customer_171,Los Angeles,67,2020-10-02
172,Customer_172,San Francisco,75,2023-04-09
173,Customer_173,New York,65,2023-11-20
174,Customer_174,New York,46,2020-12-19
175,Customer_175,Miami,47,2020-01-19
176,Customer_176,Miami,37,2023-12-29
177,Customer_177,Seattle,60,2023-09-13
178,Customer_178,San Francisco,32,2022-04-08
179,Customer_179,Los Angeles,61,2022-05-15
180,Customer_180,Miami,40,2020-10-13
181,Customer_181,Miami,32,2021-04-30
182,Customer_182,San Francisco,35,2022-10-21
183,Customer_183,San Francisco,67,2022-08-16
184,Customer_184,New York,75,2023-05-03
185,Customer_185,New York,48,2022-08-04
186,Customer_186,Los Angeles,56,2022-01-24
187,Customer_187,New York,73,2023-12-15
188,Customer_188,New York,72,2023-05-15
189,Customer_189,New York,74,2020-06-13
190,Customer_190,Seattle,40,2021-03-30
191,Customer_191,New York,48,2021-12-28
192,Customer_192,San Francisco,72,2021-10-13
193,Customer_193,Seattle,74,2020-05-14
194,Customer_194,New York,23,2020-05-02
195,Customer_195,San Francisco,60,2020-04-02
196,Customer_196,Seattle,34,2021-04-12
197,Customer_197,Seattle,45,2021-07-27
198,Customer_198,New York,63,2020-01-18
199,Customer_199,Seattle,30,2021-03-01
200,Customer_200,Los Angeles,52,2020-01-10
201,Customer_201,Miami,56,2021-11-11
202,Customer_202,New York,55,2021-12-19
203,Customer_203,Los Angeles,70,2020-12-28
204,Customer_204,Miami,61,2020-06-02
205,Customer_205,New York,55,2022-08-08
206,Customer_206,Seattle,31,2021-09-30
207,Customer_207,New York,23,2022-11-03
208,Customer_208,San Francisco,25,2021-08-15
209,Customer_209,Los Angeles,34,2023-07-16
210,Customer_210,Los Angeles,28,2020-05-15
211,Customer_211,Seattle,41,2020-02-11
212,Customer_212,New York,54,2020-12-12
213,Customer_213,Seattle,55,2020-06-22
214,Customer_214,Seattle,75,2022-05-04
215,Customer_215,New York,68,2022-07-10
216,Customer_216,New York,55,2021-02-19
217,Customer_217,Miami,46,2020-02-03
218,Customer_218,Miami,37,2023-01-23
219,Customer_219,Seattle,38,2022-08-07
220,Customer_220,San Francisco,57,2022-11-19
221,Customer_221,New York,28,2021-05-21
222,Customer_222,Miami,41,2022-07-23
223,Customer_223,Los Angeles,56,2023-02-19
224,Customer_224,Los Angeles,44,2020-06-02
225,Customer_225,San Francisco,25,2021-05-07
226,Customer_226,Los Angeles,57,2023-12-11
227,Customer_227,New York,41,2022-08-16
228,Customer_228,Seattle,21,2020-02-14
229,Customer_229,Miami,44,2022-11-11
230,Customer_230,Los Angeles,23,2022-06-04
231,Customer_231,New York,66,2020-10-19
232,Customer_232,Miami,50,2022-02-23
233,Customer_233,New York,34,2022-06-21
234,Customer_234,Los Angeles,63,2020-08-11
235,Customer_235,Seattle,61,2021-06-14
236,Customer_236,Seattle,54,2020-10-24
237,Customer_237,Seattle,38,2020-08-30
238,Customer_238,New York,22,2022-06-22
239,Customer_239,San Francisco,56,2022-10-19
240,Customer_240,San Francisco,47,2021-12-18
241,Customer_241,Miami,37,2020-05-22
242,Customer_242,New York,68,2023-06-17
243,Customer_243,Los Angeles,52,2021-01-08
244,Customer_244,San Francisco,46,2022-11-09
245,Customer_245,Seattle,57,2023-01-01
246,Customer_246,Los Angeles,59,2022-08-17
247,Customer_247,San Francisco,47,2021-01-04
248,Customer_248,New York,33,2020-02-19
249,Customer_249,New York,30,2022-08-29
250,Customer_250,Los Angeles,71,2020-02-24
251,Customer_251,San Francisco,62,2020-01-21
252,Customer_252,San Francisco,55,2020-11-16
253,Customer_253,San Francisco,74,2023-07-18
254,Customer_254,New York,26,2021-06-10
255,Customer_255,Los Angeles,31,2023-05-06
256,Customer_256,Los Angeles,31,2021-07-18
257,Customer_257,Los Angeles,27,2021-12-03
258,Customer_258,New York,65,2022-09-08
259,Customer_259,Los Angeles,68,2020-08-02
260,Customer_260,New York,22,2020-10-06
261,Customer_261,New York,28,2020-11-28
262,Customer_262,New York,60,2021-04-20
263,Customer_263,Los Angeles,30,2021-10-07
264,Customer_264,Miami,21,2023-12-25
265,Customer_265,Los Angeles,24,2020-11-18
266,Customer_266,Los Angeles,39,2023-11-27
267,Customer_267,San Francisco,55,2020-12-19
268,Customer_268,Seattle,34,2022-04-11
269,Customer_269,Seattle,69,2023-06-08
270,Customer_270,Miami,43,2022-07-04
271,Customer_271,Los Angeles,73,2023-02-27
272,Customer_272,Miami,60,2021-05-10
273,Customer_273,Seattle,67,2022-01-28
274,Customer_274,New York,21,2020-08-20
275,Customer_275,Los Angeles,70,2022-04-24
276,Customer_276,Seattle,33,2023-05-26
277,Customer_277,San Francisco,63,2023-05-24
278,Customer_278,Miami,32,2022-06-22
279,Customer_279,New York,67,2020-11-03
280,Customer_280,New York,44,2022-04-23
281,Customer_281,San Francisco,56,2020-08-15
282,Customer_282,San Francisco,37,2022-05-18
283,Customer_283,Seattle,45,2023-02-27
284,Customer_284,Seattle,45,2023-02-19
285,Customer_285,Los Angeles,33,2023-03-12
286,Customer_286,Seattle,23,2020-01-06
287,Customer_287,New York,70,2020-08-25
288,Customer_288,Los Angeles,33,2022-07-15
289,Customer_289,Miami,24,2023-02-17
290,Customer_290,New York,41,2022-07-18
291,Customer_291,Seattle,54,2021-09-22
292,Customer_292,New York,62,2023-11-03
293,Customer_293,San Francisco,65,2022-11-19
294,Customer_294,Los Angeles,42,2023-05-10
295,Customer_295,Los Angeles,57,2020-07-25
296,Customer_296,Seattle,32,2023-09-10
297,Customer_297,New York,68,2020-02-26
298,Customer_298,Seattle,53,2022-04-18
299,Customer_299,Seattle,74,2020-10-27
300,Customer_300,San Francisco,24,2020-08-18
301,Customer_301,San Francisco,45,2021-10-30
302,Customer_302,Miami,28,2022-03-09
303,Customer_303,Miami,34,2021-09-08
304,Customer_304,San Francisco,26,2021-08-25
305,Customer_305,New York,73,2020-03-02
306,Customer_306,New York,50,2020-05-19
307,Customer_307,Los Angeles,59,2020-04-03
308,Customer_308,Los Angeles,54,2023-06-04
309,Customer_309,San Francisco,48,2020-05-20
310,Customer_310,Seattle,46,2022-10-02
311,Customer_311,San Francisco,49,2021-04-11
312,Customer_312,Los Angeles,49,2021-07-10
313,Customer_313,San Francisco,45,2022-02-05
314,Customer_314,Los Angeles,65,2020-12-09
315,Customer_315,New York,44,2021-05-13
316,Customer_316,Seattle,53,2021-07-13
317,Customer_317,Miami,22,2022-12-10
318,Customer_318,New York,62,2020-02-16
319,Customer_319,New York,69,2022-08-15
320,Customer_320,New York,58,2022-09-24
321,Customer_321,Los Angeles,49,2020-11-04
322,Customer_322,San Francisco,28,2023-03-04
323,Customer_323,Miami,69,2022-08-22
324,Customer_324,New York,68,2022-05-21
325,Customer_325,New York,62,2020-07-24
326,Customer_326,San Francisco,45,2022-02-28
327,Customer_327,Seattle,24,2020-02-18
328,Customer_328,Los Angeles,70,2023-09-09
329,Customer_329,New York,44,2023-02-07
330,Customer_330,San Francisco,42,2023-07-15
331,Customer_331,Miami,58,2022-07-05
332,Customer_332,New York,51,2021-08-26
333,Customer_333,Seattle,23,2022-11-02
334,Customer_334,New York,74,2022-09-02
335,Customer_335,Los Angeles,62,2022-01-24
336,Customer_336,Seattle,42,2020-05-30
337,Customer_337,San Francisco,71,2022-07-19
338,Customer_338,New York,45,2021-12-09
339,Customer_339,Los Angeles,40,2021-12-26
340,Customer_340,New York,23,2020-03-08
341,Customer_341,New York,44,2023-10-14
342,Customer_342,Los Angeles,39,2020-11-06
343,Customer_343,San Francisco,70,2022-05-19
344,Customer_344,Miami,33,2023-11-22
345,Customer_345,San Francisco,69,2020-04-23
346,Customer_346,Miami,51,2021-09-24
347,Customer_347,Miami,28,2022-06-17
348,Customer_348,Los Angeles,34,2021-06-26
349,Customer_349,Miami,27,2022-02-22
350,Customer_350,Miami,48,2021-02-20
351,Customer_351,New York,56,2023-04-10
352,Customer_352,Miami,20,2022-07-07
353,Customer_353,San Francisco,27,2021-08-31
354,Customer_354,Miami,62,2022-10-19
355,Customer_355,Miami,32,2023-04-06
356,Customer_356,Miami,57,2022-12-26
357,Customer_357,Los Angeles,63,2021-02-01
358,Customer_358,San Francisco,63,2022-05-14
359,Customer_359,Seattle,60,2023-03-17
360,Customer_360,San Francisco,49,2020-03-09
361,Customer_361,Miami,49,2023-11-30
362,Customer_362,Miami,64,2021-09-28
363,Customer_363,Los Angeles,40,2020-09-26
364,Customer_364,New York,51,2020-12-13
365,Customer_365,San Francisco,70,2021-02-10
366,Customer_366,Seattle,24,2023-10-18
367,Customer_367,Seattle,51,2022-06-12
368,Customer_368,San Francisco,23,2021-05-04
369,Customer_369,Seattle,32,2023-06-05
370,Customer_370,San Francisco,40,2022-10-17
371,Customer_371,Los Angeles,36,2021-11-06
372,Customer_372,Miami,46,2022-12-07
373,Customer_373,Los Angeles,46,2021-03-22
374,Customer_374,Miami,35,2022-11-25
375,Customer_375,New York,27,2022-12-13
376,Customer_376,Seattle,51,2023-09-23
377,Customer_377,New York,67,2021-08-20
378,Customer_378,New York,28,2020-03-13
379,Customer_379,Miami,70,2023-12-30
380,Customer_380,New York,35,2022-07-25
381,Customer_381,Miami,75,2021-09-16
382,Customer_382,Seattle,56,2021-08-21
383,Customer_383,San Francisco,40,2021-06-26
384,Customer_384,New York,73,2023-08-31
385,Customer_385,Miami,59,2022-10-02
386,Customer_386,Seattle,46,2021-10-26
387,Customer_387,Miami,25,2022-04-08
388,Customer_388,Miami,51,2021-12-11
389,Customer_389,San Francisco,23,2023-07-20
390,Customer_390,Los Angeles,67,2022-05-09
391,Customer_391,Miami,74,2023-02-04
392,Customer_392,Seattle,36,2023-03-13
393,Customer_393,Seattle,47,2020-10-05
394,Customer_394,Los Angeles,70,2021-07-26
395,Customer_395,Los Angeles,60,2020-05-12
396,Customer_396,New York,71,2020-07-23
397,Customer_397,New York,69,2021-12-07
398,Customer_398,Seattle,65,2020-04-16
399,Customer_399,Miami,48,2022-02-14
400,Customer_400,Los Angeles,22,2022-06-02
401,Customer_401,New York,49,2021-08-06
402,Customer_402,Seattle,29,2022-05-11
403,Customer_403,Miami,63,2021-12-21
404,Customer_404,San Francisco,74,2022-04-25
405,Customer_405,San Francisco,30,2020-12-18
406,Customer_406,Los Angeles,74,2021-06-10
407,Customer_407,New York,20,2023-11-30
408,Customer_408,New York,63,2020-10-23
409,Customer_409,New York,26,2022-02-28
410,Customer_410,Miami,25,2020-08-18
411,Customer_411,New York,30,2021-07-08
412,Customer_412,San Francisco,32,2021-12-12
413,Customer_413,Los Angeles,56,2022-01-30
414,Customer_414,Seattle,31,2020-02-01
415,Customer_415,New York,53,2023-03-07
416,Customer_416,New York,60,2020-07-16
417,Customer_417,Miami,67,2020-01-22
418,Customer_418,Miami,28,2020-02-10
419,Customer_419,New York,57,2022-08-02
420,Customer_420,Miami,48,2022-09-17
421,Customer_421,Seattle,21,2020-04-18
422,Customer_422,Los Angeles,45,2020-10-17
423,Customer_423,New York,47,2021-05-04
424,Customer_424,Los Angeles,39,2020-08-29
425,Customer_425,Los Angeles,59,2022-12-04
426,Customer_426,Los Angeles,46,2022-06-01
427,Customer_427,Miami,51,2023-04-05
428,Customer_428,Miami,34,2023-06-24
429,Customer_429,San Francisco,35,2023-02-18
430,Customer_430,San Francisco,24,2021-08-13
431,Customer_431,Seattle,66,2022-06-23
432,Customer_432,Miami,69,2021-09-07
433,Customer_433,Los Angeles,68,2023-12-06
434,Customer_434,San Francisco,26,2020-05-14
435,Customer_435,San Francisco,38,2023-11-23
436,Customer_436,Los Angeles,60,2021-03-16
437,Customer_437,Los Angeles,62,2022-02-07
438,Customer_438,New York,53,2021-12-06
439,Customer_439,New York,43,2020-12-25
440,Customer_440,New York,61,2021-02-05
441,Customer_441,Los Angeles,57,2020-11-09
442,Customer_442,Los Angeles,24,2020-04-28
443,Customer_443,Miami,60,2021-03-23
444,Customer_444,Seattle,20,2020-07-30
445,Customer_445,San Francisco,20,2020-03-20
446,Customer_446,Miami,48,2021-08-20
447,Customer_447,Seattle,33,2021-04-13
448,Customer_448,Miami,25,2021-01-20
449,Customer_449,Miami,60,2022-01-18
450,Customer_450,Los Angeles,72,2021-06-03
451,Customer_451,New York,64,2023-12-04
452,Customer_452,Miami,25,2022-12-25
453,Customer_453,Miami,74,2022-01-27
454,Customer_454,Seattle,55,2020-08-25
455,Customer_455,San Francisco,48,2021-02-14
456,Customer_456,Seattle,52,2023-08-07
457,Customer_457,Los Angeles,45,2022-09-13
458,Customer_458,Los Angeles,25,2020-08-02
459,Customer_459,Los Angeles,33,2022-10-25
460,Customer_460,Seattle,34,2020-05-15
461,Customer_461,Miami,49,2022-06-23
462,Customer_462,San Francisco,23,2022-05-26
463,Customer_463,Seattle,40,2023-01-20
464,Customer_464,San Francisco,33,2022-05-18
465,Customer_465,San Francisco,74,2023-07-17
466,Customer_466,New York,25,2022-11-14
467,Customer_467,Los Angeles,66,2022-08-02
468,Customer_468,Miami,25,2023-08-29
469,Customer_469,Miami,34,2023-05-23
470,Customer_470,New York,54,2020-05-27
471,Customer_471,Miami,53,2022-11-24
472,Customer_472,New York,37,2020-08-08
473,Customer_473,Seattle,25,2021-03-05
474,Customer_474,Los Angeles,75,2020-08-30
475,Customer_475,Miami,21,2023-05-20
476,Customer_476,Los Angeles,20,2021-08-29
477,Customer_477,Seattle,69,2021-12-10
478,Customer_478,New York,21,2020-12-29
479,Customer_479,Miami,69,2023-12-30
480,Customer_480,Seattle,32,2023-04-06
481,Customer_481,Miami,26,2022-06-29
482,Customer_482,Los Angeles,75,2023-12-15
483,Customer_483,San Francisco,27,2023-10-09
484,Customer_484,New York,30,2020-12-03
485,Customer_485,Seattle,72,2020-10-30
486,Customer_486,Los Angeles,56,2022-10-09
487,Customer_487,Seattle,53,2020-08-22
488,Customer_488,San Francisco,25,2021-02-13
489,Customer_489,New York,55,2023-01-09
490,Customer_490,San Francisco,51,2021-05-07
491,Customer_491,Seattle,30,2023-04-25
492,Customer_492,Seattle,69,2020-05-02
493,Customer_493,New York,33,2020-10-19
494,Customer_494,New York,21,2020-04-20
495,Customer_495,Seattle,62,2020-03-13
496,Customer_496,New York,62,2022-08-27
497,Customer_497,Miami,33,2020-10-30
498,Customer_498,New York,61,2022-11-06
499,Customer_499,Miami,68,2022-05-11
500,Customer_500,Los Angeles,24,2021-08-26
501,Customer_501,Miami,66,2022-09-17
502,Customer_502,Seattle,52,2021-12-01
503,Customer_503,New York,71,2021-07-12
504,Customer_504,Miami,39,2023-04-04
505,Customer_505,Seattle,68,2022-05-12
506,Customer_506,San Francisco,59,2022-07-27
507,Customer_507,New York,60,2023-10-15
508,Customer_508,Los Angeles,45,2022-08-10
509,Customer_509,Los Angeles,23,2022-12-21
510,Customer_510,Los Angeles,67,2022-09-27
511,Customer_511,Los Angeles,61,2022-04-17
512,Customer_512,New York,27,2023-05-28
513,Customer_513,Seattle,28,2020-11-16
514,Customer_514,Miami,70,2022-02-04
515,Customer_515,Seattle,72,2022-11-01
516,Customer_516,New York,63,2022-03-19
517,Customer_517,San Francisco,27,2020-08-09
518,Customer_518,Seattle,38,2021-10-02
519,Customer_519,Seattle,56,2022-05-07
520,Customer_520,Seattle,67,2023-05-30
521,Customer_521,New York,54,2023-12-09
522,Customer_522,Miami,44,2021-12-23
523,Customer_523,New York,61,2021-03-11
524,Customer_524,New York,68,2022-08-30
525,Customer_525,San Francisco,42,2020-09-06
526,Customer_526,Seattle,65,2020-12-17
527,Customer_527,Seattle,70,2023-03-02
528,Customer_528,Seattle,47,2021-06-16
529,Customer_529,New York,30,2020-04-23
530,Customer_530,Miami,71,2023-12-07
531,Customer_531,Seattle,54,2022-03-13
532,Customer_532,Miami,50,2020-02-13
533,Customer_533,Los Angeles,38,2022-06-11
534,Customer_534,Los Angeles,25,2023-06-11
535,Customer_535,New York,49,2020-12-12
536,Customer_536,Seattle,67,2022-09-19
537,Customer_537,Seattle,67,2022-03-18
538,Customer_538,Los Angeles,56,2020-08-25
539,Customer_539,Los Angeles,23,2020-01-04
540,Customer_540,Seattle,72,2022-09-25
541,Customer_541,San Francisco,39,2021-12-27
542,Customer_542,Seattle,43,2022-01-13
543,Customer_543,Seattle,52,2020-08-23
544,Customer_544,New York,30,2020-03-19
545,Customer_545,Los Angeles,39,2023-06-13
546,Customer_546,Miami,69,2023-12-12
547,Customer_547,Seattle,49,2021-10-05
548,Customer_548,Seattle,72,2021-09-11
549,Customer_549,San Francisco,48,2022-01-30
550,Customer_550,New York,29,2021-10-06
551,Customer_551,San Francisco,51,2023-05-11
552,Customer_552,San Francisco,75,2023-01-18
553,Customer_553,Seattle,32,2022-05-18
554,Customer_554,Miami,20,2021-04-05
555,Customer_555,San Francisco,71,2023-08-14
556,Customer_556,Seattle,67,2022-10-04
557,Customer_557,Seattle,29,2023-02-03
558,Customer_558,San Francisco,46,2020-08-20
559,Customer_559,New York,64,2021-10-28
560,Customer_560,Miami,71,2022-08-28
561,Customer_561,Miami,24,2020-10-20
562,Customer_562,New York,40,2023-07-25
563,Customer_563,New York,61,2020-09-05
564,Customer_564,Seattle,66,2020-01-04
565,Customer_565,Los Angeles,59,2020-11-06
566,Customer_566,New York,65,2021-07-14
567,Customer_567,Seattle,51,2023-07-15
568,Customer_568,San Francisco,24,2021-08-11
569,Customer_569,New York,38,2024-01-01
570,Customer_570,Miami,56,2021-02-06
571,Customer_571,Miami,25,2021-06-29
572,Customer_572,Seattle,51,2021-08-10
573,Customer_573,Miami,41,2021-01-24
574,Customer_574,San Francisco,51,2022-08-03
575,Customer_575,Los Angeles,21,2022-04-17
576,Customer_576,San Francisco,53,2020-06-20
577,Customer_577,San Francisco,72,2023-03-25
578,Customer_578,San Francisco,63,2022-11-28
579,Customer_579,Los Angeles,40,2023-12-08
580,Customer_580,Los Angeles,27,2020-02-14
581,Customer_581,Los Angeles,32,2023-01-08
582,Customer_582,San Francisco,43,2021-03-26
583,Customer_583,New York,65,2020-06-30
584,Customer_584,Los Angeles,67,2022-03-14
585,Customer_585,Los Angeles,33,2020-05-01
586,Customer_586,Seattle,45,2020-05-11
587,Customer_587,New York,41,2022-12-07
588,Customer_588,New York,70,2021-05-03
589,Customer_589,Seattle,74,2023-06-03
590,Customer_590,San Francisco,48,2020-03-14
591,Customer_591,Seattle,64,2021-12-01
592,Customer_592,Seattle,73,2020-02-02
593,Customer_593,San Francisco,68,2022-03-18
594,Customer_594,Miami,75,2020-08-03
595,Customer_595,Miami,51,2021-02-06
596,Customer_596,Miami,23,2021-09-02
597,Customer_597,New York,20,2023-06-14
598,Customer_598,Los Angeles,51,2023-12-16
599,Customer_599,Miami,38,2022-05-11
600,Customer_600,Los Angeles,23,2020-09-17
601,Customer_601,Los Angeles,22,2023-04-17
602,Customer_602,Seattle,50,2021-09-30
603,Customer_603,Seattle,47,2020-07-01
604,Customer_604,Seattle,62,2023-01-19
605,Customer_605,New York,40,2020-02-26
606,Customer_606,Seattle,58,2020-01-18
607,Customer_607,Seattle,37,2023-12-22
608,Customer_608,San Francisco,41,2023-04-26
609,Customer_609,Seattle,29,2020-03-25
610,Customer_610,Seattle,38,2022-11-23
611,Customer_611,New York,52,2023-10-20
612,Customer_612,Los Angeles,46,2022-04-26
613,Customer_613,Seattle,29,2023-05-08
614,Customer_614,San Francisco,71,2022-01-06
615,Customer_615,New York,35,2022-09-05
616,Customer_616,Miami,66,2023-04-11
617,Customer_617,Los Angeles,57,2020-07-04
618,Customer_618,San Francisco,40,2023-03-02
619,Customer_619,San Francisco,58,2022-08-08
620,Customer_620,New York,58,2023-02-17
621,Customer_621,New York,49,2020-02-18
622,Customer_622,Los Angeles,57,2021-02-12
623,Customer_623,Seattle,67,2022-01-15
624,Customer_624,Los Angeles,31,2020-03-02
625,Customer_625,Seattle,32,2023-01-17
626,Customer_626,New York,50,2021-04-27
627,Customer_627,Seattle,33,2021-09-03
628,Customer_628,New York,58,2020-05-10
629,Customer_629,Los Angeles,67,2023-02-18
630,Customer_630,Seattle,71,2020-11-04
631,Customer_631,Seattle,28,2022-04-04
632,Customer_632,Los Angeles,50,2020-04-28
633,Customer_633,Los Angeles,52,2023-01-10
634,Customer_634,San Francisco,54,2021-10-18
635,Customer_635,Miami,60,2020-04-11
636,Customer_636,Miami,24,2022-11-03
637,Customer_637,Seattle,46,2020-08-11
638,Customer_638,Miami,48,2022-12-15
639,Customer_639,San Francisco,37,2020-01-07
640,Customer_640,Miami,56,2020-09-03
641,Customer_641,Los Angeles,43,2023-10-29
642,Customer_642,Miami,46,2022-07-19
643,Customer_643,New York,42,2022-11-05
644,Customer_644,San Francisco,74,2021-04-17
645,Customer_645,Los Angeles,22,2022-03-27
646,Customer_646,San Francisco,63,2022-08-01
647,Customer_647,San Francisco,36,2020-01-06
648,Customer_648,San Francisco,47,2020-12-30
649,Customer_649,San Francisco,58,2021-10-31
650,Customer_650,New York,40,2020-02-25
651,Customer_651,Los Angeles,45,2021-02-11
652,Customer_652,Seattle,46,2021-10-03
653,Customer_653,San Francisco,67,2023-07-11
654,Customer_654,New York,33,2021-09-07
655,Customer_655,Miami,42,2023-05-22
656,Customer_656,New York,62,2023-04-23
657,Customer_657,Seattle,51,2023-04-21
658,Customer_658,San Francisco,56,2020-09-03
659,Customer_659,Seattle,32,2020-07-01
660,Customer_660,Los Angeles,39,2020-04-14
661,Customer_661,New York,30,2021-06-24
662,Customer_662,Miami,75,2021-04-18
663,Customer_663,Miami,60,2020-10-29
664,Customer_664,Los Angeles,67,2022-12-08
665,Customer_665,New York,63,2022-07-21
666,Customer_666,New York,42,2020-08-20
667,Customer_667,San Francisco,41,2020-06-08
668,Customer_668,Seattle,28,2021-04-10
669,Customer_669,Seattle,62,2022-10-05
670,Customer_670,San Francisco,27,2021-09-29
671,Customer_671,Los Angeles,20,2021-08-08
672,Customer_672,Seattle,39,2022-05-26
673,Customer_673,New York,30,2021-01-29
674,Customer_674,Miami,46,2021-05-21
675,Customer_675,New York,73,2020-09-07
676,Customer_676,Miami,46,2020-08-09
677,Customer_677,Seattle,46,2020-03-09
678,Customer_678,San Francisco,69,2022-08-10
679,Customer_679,Los Angeles,46,2022-09-27
680,Customer_680,New York,37,2023-10-20
681,Customer_681,San Francisco,62,2021-05-20
682,Customer_682,Miami,26,2023-06-03
683,Customer_683,New York,49,2021-10-19
684,Customer_684,New York,44,2023-06-08
685,Customer_685,Seattle,35,2020-05-26
686,Customer_686,Miami,23,2022-01-16
687,Customer_687,Los Angeles,47,2020-12-15
688,Customer_688,Los Angeles,49,2022-12-05
689,Customer_689,San Francisco,75,2021-05-12
690,Customer_690,San Francisco,52,2023-11-27
691,Customer_691,Seattle,38,2022-07-01
692,Customer_692,Seattle,23,2021-10-06
693,Customer_693,San Francisco,35,2020-03-14
694,Customer_694,Miami,31,2022-01-11
695,Customer_695,Los Angeles,55,2022-01-04
696,Customer_696,Miami,46,2022-02-14
697,Customer_697,Miami,48,2022-10-18
698,Customer_698,New York,51,2022-06-24
699,Customer_699,Miami,22,2020-05-21
700,Customer_700,Miami,34,2023-12-28
701,Customer_701,Miami,47,2022-12-22
702,Customer_702,San Francisco,75,2021-07-12
703,Customer_703,Los Angeles,54,2020-10-18
704,Customer_704,Miami,57,2023-09-30
705,Customer_705,Los Angeles,38,2021-02-14
706,Customer_706,Seattle,27,2020-03-20
707,Customer_707,Los Angeles,67,2021-07-28
708,Customer_708,Seattle,74,2021-02-11
709,Customer_709,Los Angeles,21,2023-11-02
710,Customer_710,Miami,52,2023-01-25
711,Customer_711,Seattle,70,2021-05-09
712,Customer_712,Los Angeles,25,2020-01-26
713,Customer_713,Miami,75,2022-06-30
714,Customer_714,Los Angeles,36,2022-10-24
715,Customer_715,San Francisco,21,2023-08-24
716,Customer_716,Miami,51,2021-10-31
717,Customer_717,Los Angeles,68,2021-11-11
718,Customer_718,Los Angeles,23,2023-05-26
719,Customer_719,San Francisco,36,2023-04-13
720,Customer_720,Los Angeles,73,2022-01-19
721,Customer_721,Seattle,43,2022-05-01
722,Customer_722,Miami,23,2023-06-20
723,Customer_723,Seattle,39,2020-10-08
724,Customer_724,Los Angeles,25,2020-11-12
725,Customer_725,Miami,57,2023-10-10
726,Customer_726,Los Angeles,70,2023-10-04
727,Customer_727,New York,72,2023-07-24
728,Customer_728,San Francisco,62,2022-10-26
729,Customer_729,Los Angeles,67,2022-02-19
730,Customer_730,San Francisco,35,2020-02-23
731,Customer_731,New York,54,2022-03-10
732,Customer_732,Miami,24,2020-01-29
733,Customer_733,Los Angeles,34,2021-12-11
734,Customer_734,San Francisco,52,2023-06-27
735,Customer_735,San Francisco,45,2022-04-07
736,Customer_736,New York,32,2023-10-04
737,Customer_737,New York,70,2021-10-30
738,Customer_738,Seattle,33,2022-08-14
739,Customer_739,Seattle,55,2020-12-04
740,Customer_740,Seattle,72,2020-10-18
741,Customer_741,New York,44,2023-03-19
742,Customer_742,Miami,63,2023-09-05
743,Customer_743,Miami,23,2022-05-23
744,Customer_744,Seattle,47,2021-07-01
745,Customer_745,Miami,63,2021-02-12
746,Customer_746,New York,60,2021-02-20
747,Customer_747,Los Angeles,74,2021-08-06
748,Customer_748,Seattle,74,2023-01-18
749,Customer_749,Los Angeles,23,2022-07-15
750,Customer_750,New York,40,2023-05-11
751,Customer_751,New York,47,2022-08-17
752,Customer_752,San Francisco,48,2023-10-11
753,Customer_753,New York,36,2023-12-20
754,Customer_754,Seattle,66,2023-01-22
755,Customer_755,Los Angeles,44,2023-08-27
756,Customer_756,Miami,20,2022-12-18
757,Customer_757,New York,25,2022-03-26
758,Customer_758,New York,50,2021-01-04
759,Customer_759,New York,20,2020-05-24
760,Customer_760,Miami,54,2023-03-18
761,Customer_761,Seattle,62,2021-05-22
762,Customer_762,San Francisco,43,2021-05-18
763,Customer_763,Seattle,46,2022-07-11
764,Customer_764,San Francisco,69,2023-07-24
765,Customer_765,Miami,64,2021-06-23
766,Customer_766,Los Angeles,64,2021-10-31
767,Customer_767,Seattle,63,2021-09-04
768,Customer_768,Los Angeles,66,2022-09-09
769,Customer_769,Miami,66,2022-12-19
770,Customer_770,New York,36,2023-02-03
771,Customer_771,Miami,26,2020-01-10
772,Customer_772,New York,30,2020-09-20
773,Customer_773,Los Angeles,34,2023-03-09
774,Customer_774,New York,75,2020-04-30
775,Customer_775,Seattle,58,2023-03-05
776,Customer_776,Los Angeles,57,2021-04-27
777,Customer_777,Los Angeles,50,2023-12-27
778,Customer_778,Seattle,26,2020-11-23
779,Customer_779,New York,31,2022-08-10
780,Customer_780,San Francisco,31,2022-08-22
781,Customer_781,Los Angeles,34,2022-03-05
782,Customer_782,San Francisco,75,2022-09-23
783,Customer_783,Seattle,22,2021-10-17
784,Customer_784,New York,74,2023-08-30
785,Customer_785,San Francisco,63,2020-08-31
786,Customer_786,New York,56,2022-05-02
787,Customer_787,New York,22,2022-12-11
788,Customer_788,San Francisco,56,2021-10-25
789,Customer_789,San Francisco,20,2022-11-20
790,Customer_790,San Francisco,75,2021-07-10
791,Customer_791,Los Angeles,58,2020-08-04
792,Customer_792,Los Angeles,33,2023-05-24
793,Customer_793,Los Angeles,34,2023-12-08
794,Customer_794,Seattle,24,2021-10-09
795,Customer_795,Seattle,57,2021-11-04
796,Customer_796,Miami,30,2023-09-18
797,Customer_797,Seattle,33,2021-03-31
798,Customer_798,New York,74,2020-05-18
799,Customer_799,Seattle,43,2022-03-11
800,Customer_800,Los Angeles,44,2022-08-23
801,Customer_801,Seattle,37,2021-10-07
802,Customer_802,New York,55,2020-05-31
803,Customer_803,Seattle,32,2020-07-27
804,Customer_804,Miami,63,2020-11-21
805,Customer_805,Miami,55,2021-04-29
806,Customer_806,Los Angeles,25,2023-09-04
807,Customer_807,Miami,38,2021-10-18
808,Customer_808,Seattle,56,2020-05-29
809,Customer_809,Los Angeles,25,2021-08-22
810,Customer_810,New York,25,2022-10-08
811,Customer_811,San Francisco,37,2020-04-02
812,Customer_812,New York,71,2020-09-03
813,Customer_813,Miami,66,2020-10-19
814,Customer_814,Los Angeles,56,2022-02-27
815,Customer_815,New York,50,2021-03-15
816,Customer_816,Los Angeles,47,2023-07-12
817,Customer_817,Seattle,45,2021-04-21
818,Customer_818,Miami,60,2023-12-28
819,Customer_819,Seattle,68,2023-04-14
820,Customer_820,Seattle,71,2023-05-29
821,Customer_821,Los Angeles,32,2021-08-30
822,Customer_822,Los Angeles,26,2020-01-22
823,Customer_823,Miami,62,2022-08-16
824,Customer_824,Seattle,70,2023-11-27
825,Customer_825,Los Angeles,60,2023-09-12
826,Customer_826,Miami,74,2020-06-30
827,Customer_827,Los Angeles,47,2021-10-02
828,Customer_828,Los Angeles,70,2020-03-23
829,Customer_829,Los Angeles,56,2023-12-14
830,Customer_830,Miami,32,2020-09-07
831,Customer_831,New York,63,2021-11-07
832,Customer_832,New York,75,2021-07-13
833,Customer_833,Miami,67,2023-01-15
834,Customer_834,Seattle,72,2020-12-16
835,Customer_835,New York,29,2021-10-13
836,Customer_836,Seattle,49,2020-01-18
837,Customer_837,Seattle,66,2021-04-21
838,Customer_838,Los Angeles,71,2022-10-15
839,Customer_839,Miami,33,2023-04-26
840,Customer_840,New York,33,2021-07-17
841,Customer_841,Los Angeles,41,2022-02-09
842,Customer_842,Miami,25,2023-08-26
843,Customer_843,Miami,44,2022-03-11
844,Customer_844,Los Angeles,23,2020-02-22
845,Customer_845,San Francisco,45,2023-04-09
846,Customer_846,Seattle,35,2020-10-22
847,Customer_847,San Francisco,59,2021-10-22
848,Customer_848,Seattle,39,2022-11-23
849,Customer_849,Los Angeles,29,2020-12-09
850,Customer_850,New York,51,2021-07-10
851,Customer_851,Miami,62,2020-04-15
852,Customer_852,New York,33,2021-04-11
853,Customer_853,San Francisco,56,2020-12-17
854,Customer_854,New York,53,2023-06-25
855,Customer_855,San Francisco,57,2021-05-12
856,Customer_856,Miami,40,2023-07-13
857,Customer_857,New York,72,2020-09-20
858,Customer_858,Los Angeles,22,2020-09-04
859,Customer_859,Miami,59,2022-06-29
860,Customer_860,Seattle,52,2022-07-10
861,Customer_861,San Francisco,32,2022-07-01
862,Customer_862,Seattle,42,2023-05-25
863,Customer_863,New York,67,2023-05-22
864,Customer_864,New York,24,2021-03-05
865,Customer_865,Miami,30,2022-05-13
866,Customer_866,San Francisco,71,2022-06-14
867,Customer_867,Miami,23,2023-08-15
868,Customer_868,Miami,72,2023-01-13
869,Customer_869,Miami,26,2020-04-16
870,Customer_870,Miami,36,2020-05-01
871,Customer_871,New York,34,2023-03-08
872,Customer_872,Seattle,24,2023-10-14
873,Customer_873,Seattle,49,2021-05-13
874,Customer_874,Miami,30,2020-02-03
875,Customer_875,Seattle,27,2020-08-06
876,Customer_876,New York,75,2020-02-20
877,Customer_877,San Francisco,24,2023-03-21
878,Customer_878,New York,70,2022-01-22
879,Customer_879,Seattle,75,2023-11-18
880,Customer_880,New York,75,2022-10-01
881,Customer_881,Seattle,31,2022-04-08
882,Customer_882,San Francisco,49,2021-05-30
883,Customer_883,Seattle,31,2020-03-28
884,Customer_884,Seattle,29,2021-01-27
885,Customer_885,Miami,30,2023-07-15
886,Customer_886,San Francisco,61,2021-12-19
887,Customer_887,Miami,45,2021-11-30
888,Customer_888,New York,74,2022-01-15
889,Customer_889,Los Angeles,62,2022-06-24
890,Customer_890,Los Angeles,35,2022-08-24
891,Customer_891,Seattle,37,2022-09-29
892,Customer_892,San Francisco,26,2020-07-13
893,Customer_893,San Francisco,70,2022-04-16
894,Customer_894,San Francisco,54,2021-02-17
895,Customer_895,New York,30,2020-05-08
896,Customer_896,Seattle,31,2022-01-02
897,Customer_897,Seattle,22,2023-07-23
898,Customer_898,Miami,49,2023-11-12
899,Customer_899,Seattle,30,2023-12-04
900,Customer_900,Los Angeles,24,2020-10-04
901,Customer_901,Los Angeles,37,2020-05-11
902,Customer_902,San Francisco,56,2022-04-07
903,Customer_903,Miami,55,2022-12-10
904,Customer_904,New York,74,2023-04-07
905,Customer_905,San Francisco,38,2021-03-23
906,Customer_906,New York,35,2020-09-27
907,Customer_907,Los Angeles,52,2021-12-24
908,Customer_908,New York,62,2022-12-30
909,Customer_909,Miami,65,2021-11-14
910,Customer_910,New York,44,2022-11-06
911,Customer_911,New York,52,2020-07-31
912,Customer_912,New York,55,2020-09-10
913,Customer_913,Los Angeles,51,2020-06-12
914,Customer_914,New York,34,2021-05-04
915,Customer_915,New York,55,2022-02-05
916,Customer_916,New York,40,2022-02-05
917,Customer_917,San Francisco,70,2020-05-31
918,Customer_918,Seattle,69,2020-04-19
919,Customer_919,Los Angeles,40,2021-01-05
920,Customer_920,Los Angeles,46,2023-01-23
921,Customer_921,Los Angeles,28,2022-10-17
922,Customer_922,San Francisco,75,2023-12-27
923,Customer_923,Miami,52,2020-11-15
924,Customer_924,Miami,59,2023-01-04
925,Customer_925,San Francisco,30,2022-08-19
926,Customer_926,New York,56,2022-06-24
927,Customer_927,Los Angeles,32,2023-01-05
928,Customer_928,San Francisco,69,2020-04-19
929,Customer_929,San Francisco,41,2023-08-19
930,Customer_930,Miami,32,2022-06-27
931,Customer_931,San Francisco,62,2020-11-26
932,Customer_932,Los Angeles,52,2022-04-12
933,Customer_933,Seattle,62,2022-04-19
934,Customer_934,New York,44,2023-12-17
935,Customer_935,Seattle,49,2023-10-29
936,Customer_936,San Francisco,49,2021-12-28
937,Customer_937,Seattle,33,2022-02-26
938,Customer_938,Los Angeles,20,2023-09-26
939,Customer_939,Miami,32,2021-01-17
940,Customer_940,Los Angeles,29,2023-08-22
941,Customer_941,San Francisco,62,2022-07-10
942,Customer_942,New York,56,2022-10-06
943,Customer_943,Los Angeles,61,2023-07-21
944,Customer_944,Seattle,35,2023-09-07
945,Customer_945,San Francisco,68,2023-01-18
946,Customer_946,New York,56,2022-03-07
947,Customer_947,Miami,22,2021-04-25
948,Customer_948,Miami,49,2022-04-06
949,Customer_949,New York,62,2023-12-15
950,Customer_950,San Francisco,38,2023-06-09
951,Customer_951,New York,34,2023-11-23
952,Customer_952,Seattle,37,2022-05-27
953,Customer_953,Miami,68,2020-10-26
954,Customer_954,Seattle,40,2021-12-25
955,Customer_955,San Francisco,63,2023-11-10
956,Customer_956,San Francisco,45,2020-12-02
957,Customer_957,San Francisco,28,2022-11-11
958,Customer_958,Miami,67,2023-02-10
959,Customer_959,Seattle,33,2020-11-21
960,Customer_960,New York,58,2022-04-04
961,Customer_961,San Francisco,25,2021-12-21
962,Customer_962,New York,21,2021-09-16
963,Customer_963,Seattle,51,2023-01-27
964,Customer_964,Seattle,55,2021-12-02
965,Customer_965,San Francisco,55,2021-07-05
966,Customer_966,San Francisco,29,2020-04-27
967,Customer_967,Seattle,50,2021-04-16
968,Customer_968,New York,71,2021-07-05
969,Customer_969,Seattle,54,2023-08-16
970,Customer_970,Miami,74,2021-05-11
971,Customer_971,Seattle,45,2022-02-04
972,Customer_972,New York,59,2020-09-10
973,Customer_973,San Francisco,54,2022-06-09
974,Customer_974,Miami,25,2021-01-06
975,Customer_975,Los Angeles,25,2021-12-16
976,Customer_976,Miami,51,2021-07-11
977,Customer_977,Los Angeles,30,2020-01-22
978,Customer_978,New York,26,2022-04-06
979,Customer_979,Seattle,55,2020-10-11
980,Customer_980,Seattle,64,2022-11-30
981,Customer_981,San Francisco,71,2023-08-21
982,Customer_982,San Francisco,21,2023-08-15
983,Customer_983,San Francisco,41,2021-07-07
984,Customer_984,New York,25,2023-01-12
985,Customer_985,San Francisco,43,2020-02-28
986,Customer_986,Los Angeles,25,2022-05-14
987,Customer_987,Los Angeles,72,2023-12-13
988,Customer_988,Miami,48,2023-03-04
989,Customer_989,San Francisco,41,2023-05-14
990,Customer_990,Los Angeles,65,2022-01-11
991,Customer_991,San Francisco,65,2022-09-07
992,Customer_992,Los Angeles,34,2021-12-22
993,Customer_993,Miami,71,2023-10-24
994,Customer_994,New York,27,2021-02-11
995,Customer_995,San Francisco,56,2022-12-21
996,Customer_996,New York,62,2022-08-19
997,Customer_997,New York,45,2023-01-03
998,Customer_998,New York,58,2021-09-16
999,Customer_999,San Francisco,35,2023-09-27
1000,Customer_1000,Seattle,20,2020-06-17
1001,Customer_1001,Los Angeles,30,2021-03-11
1002,Customer_1002,New York,32,2021-07-30
1003,Customer_1003,Los Angeles,24,2020-01-04
1004,Customer_1004,Seattle,62,2020-05-07
1005,Customer_1005,San Francisco,43,2020-06-10
1006,Customer_1006,Seattle,66,2021-06-27
1007,Customer_1007,Seattle,73,2022-11-03
1008,Customer_1008,San Francisco,43,2020-06-10
1009,Customer_1009,New York,34,2021-01-18
1010,Customer_1010,Miami,30,2020-02-11
1011,Customer_1011,Los Angeles,41,2020-09-19
1012,Customer_1012,San Francisco,53,2022-02-27
1013,Customer_1013,San Francisco,53,2023-08-24
1014,Customer_1014,Miami,28,2020-01-18
1015,Customer_1015,San Francisco,47,2023-09-22
1016,Customer_1016,San Francisco,32,2021-01-19
1017,Customer_1017,Los Angeles,61,2023-11-09
1018,Customer_1018,Los Angeles,41,2022-06-08
1019,Customer_1019,Miami,49,2023-08-03
1020,Customer_1020,San Francisco,75,2023-08-16
1021,Customer_1021,Seattle,52,2020-01-22
1022,Customer_1022,Los Angeles,56,2022-01-20
1023,Customer_1023,Miami,61,2023-04-17
1024,Customer_1024,New York,37,2021-07-27
1025,Customer_1025,Los Angeles,27,2020-07-23
1026,Customer_1026,Los Angeles,39,2022-08-02
1027,Customer_1027,San Francisco,32,2023-10-07
1028,Customer_1028,Seattle,75,2023-08-12
1029,Customer_1029,San Francisco,30,2021-04-01
1030,Customer_1030,New York,70,2023-01-03
1031,Customer_1031,Seattle,39,2023-08-22
1032,Customer_1032,Seattle,45,2020-10-09
1033,Customer_1033,Seattle,73,2020-09-11
1034,Customer_1034,New York,72,2023-07-07
1035,Customer_1035,San Francisco,47,2022-11-03
1036,Customer_1036,Los Angeles,74,2023-03-30
1037,Customer_1037,New York,73,2020-07-09
1038,Customer_1038,Los Angeles,53,2022-09-04
1039,Customer_1039,Los Angeles,36,2020-02-07
1040,Customer_1040,San Francisco,65,2020-01-31
1041,Customer_1041,San Francisco,71,2023-08-24
1042,Customer_1042,San Francisco,54,2021-11-18
1043,Customer_1043,New York,53,2022-01-05
1044,Customer_1044,New York,38,2021-04-24
1045,Customer_1045,New York,40,2023-11-05
1046,Customer_1046,New York,28,2020-07-18
1047,Customer_1047,Miami,74,2020-07-23
1048,Customer_1048,Miami,69,2020-12-08
1049,Customer_1049,Seattle,24,2023-12-21
1050,Customer_1050,San Francisco,24,2023-06-22
1051,Customer_1051,Miami,63,2022-02-14
1052,Customer_1052,Miami,38,2023-04-17
1053,Customer_1053,Miami,65,2022-04-18
1054,Customer_1054,San Francisco,24,2022-08-09
1055,Customer_1055,New York,73,2023-01-25
1056,Customer_1056,Los Angeles,54,2022-02-20
1057,Customer_1057,New York,39,2021-10-17
1058,Customer_1058,Los Angeles,20,2023-08-01
1059,Customer_1059,Los Angeles,74,2020-01-25
1060,Customer_1060,Los Angeles,60,2020-07-13
1061,Customer_1061,Seattle,62,2020-11-25
1062,Customer_1062,San Francisco,26,2020-06-17
1063,Customer_1063,Los Angeles,20,2020-10-09
1064,Customer_1064,Los Angeles,73,2022-11-02
1065,Customer_1065,Seattle,72,2023-05-25
1066,Customer_1066,Miami,57,2023-01-02
1067,Customer_1067,Miami,41,2022-09-29
1068,Customer_1068,Miami,28,2020-05-17
1069,Customer_1069,Los Angeles,36,2023-06-13
1070,Customer_1070,Los Angeles,44,2023-07-29
1071,Customer_1071,Los Angeles,27,2021-09-30
1072,Customer_1072,New York,73,2020-01-06
1073,Customer_1073,Los Angeles,56,2020-08-20
1074,Customer_1074,Seattle,57,2021-11-30
1075,Customer_1075,Miami,22,2023-07-11
1076,Customer_1076,New York,61,2022-11-07
1077,Customer_1077,New York,41,2023-04-30
1078,Customer_1078,San Francisco,44,2021-12-28
1079,Customer_1079,San Francisco,34,2020-04-08
1080,Customer_1080,Los Angeles,30,2022-02-27
1081,Customer_1081,Seattle,32,2023-11-27
1082,Customer_1082,New York,56,2020-07-30
1083,Customer_1083,San Francisco,68,2021-06-10
1084,Customer_1084,Miami,75,2020-10-09
1085,Customer_1085,Seattle,69,2020-10-31
1086,Customer_1086,New York,38,2022-02-26
1087,Customer_1087,Miami,56,2022-10-04
1088,Customer_1088,San Francisco,31,2021-09-12
1089,Customer_1089,New York,27,2022-05-10
1090,Customer_1090,San Francisco,38,2023-03-18
1091,Customer_1091,New York,49,2021-05-12
1092,Customer_1092,Seattle,43,2020-06-23
1093,Customer_1093,Miami,62,2020-09-30
1094,Customer_1094,New York,30,2021-08-29
1095,Customer_1095,Seattle,60,2022-02-25
1096,Customer_1096,Seattle,31,2022-09-17
1097,Customer_1097,San Francisco,64,2021-08-26
1098,Customer_1098,New York,52,2023-07-30
1099,Customer_1099,New York,26,2021-03-28
1100,Customer_1100,New York,52,2021-02-04
