customer_id,name,city,age,start_date,end_date,is_current
1,Customer_1,New York,28,2021-08-05,2021-11-12,N
2,Customer_2,New York,22,2020-07-14,2020-08-25,N
3,Customer_3,Phoenix,48,2020-04-02,2020-06-16,N
4,Customer_4,Phoenix,29,2021-01-07,2021-04-12,N
5,Customer_5,Phoenix,35,2021-03-25,2021-07-02,N
6,Customer_6,Houston,66,2023-05-19,,Y
7,Customer_7,Houston,62,2021-11-18,2022-02-17,N
8,Customer_8,Houston,26,2021-06-12,2021-07-26,N
9,Customer_9,New York,33,2022-10-13,2022-11-24,N
10,Customer_10,Houston,55,2021-06-26,2021-09-24,N
11,Customer_11,Los Angeles,30,2021-05-06,,Y
12,Customer_12,Houston,31,2023-04-25,2023-07-03,N
13,Customer_13,Phoenix,65,2020-10-27,2021-01-29,N
14,Customer_14,Chicago,69,2023-08-06,,Y
15,Customer_15,Los Angeles,43,2021-09-30,2021-11-09,N
16,Customer_16,Phoenix,28,2022-03-06,2022-05-30,N
17,Customer_17,Chicago,41,2022-06-14,2022-09-17,N
18,Customer_18,Houston,36,2023-08-11,,Y
19,Customer_19,New York,33,2022-09-10,2022-10-29,N
20,Customer_20,Los Angeles,35,2021-07-21,2021-10-08,N
21,Customer_21,Phoenix,67,2021-01-16,2021-03-30,N
22,Customer_22,Los Angeles,58,2021-07-19,2021-09-03,N
23,Customer_23,Phoenix,64,2021-03-14,2021-05-31,N
24,Customer_24,Houston,30,2023-07-21,2023-10-11,N
25,Customer_25,Los Angeles,55,2022-05-14,,Y
26,Customer_26,Chicago,59,2021-02-27,2021-04-20,N
27,Customer_27,Phoenix,64,2021-01-09,2021-02-11,N
28,Customer_28,Phoenix,62,2020-11-15,2021-01-05,N
29,Customer_29,Phoenix,63,2022-12-25,,Y
30,Customer_30,Houston,61,2023-03-05,,Y
31,Customer_31,Houston,30,2023-02-09,2023-04-18,N
32,Customer_32,Phoenix,20,2022-05-31,2022-08-22,N
33,Customer_33,Chicago,61,2023-04-23,2023-06-16,N
34,Customer_34,New York,63,2020-03-22,2020-06-04,N
35,Customer_35,Houston,26,2021-05-07,2021-06-29,N
36,Customer_36,Houston,62,2023-04-03,2023-06-19,N
37,Customer_37,Chicago,61,2022-08-21,2022-09-25,N
38,Customer_38,Houston,22,2020-09-25,2020-12-20,N
39,Customer_39,Houston,43,2022-08-29,2022-10-02,N
40,Customer_40,Houston,60,2021-09-07,,Y
41,Customer_41,Los Angeles,33,2021-09-15,2021-12-22,N
42,Customer_42,Los Angeles,42,2020-04-16,2020-07-01,N
43,Customer_43,Houston,25,2022-03-24,2022-04-29,N
44,Customer_44,Los Angeles,47,2022-08-09,,Y
45,Customer_45,Chicago,67,2023-04-04,2023-07-08,N
46,Customer_46,Chicago,49,2023-08-22,,Y
47,Customer_47,Houston,44,2020-09-16,,Y
48,Customer_48,Phoenix,42,2023-03-19,2023-06-03,N
49,Customer_49,Los Angeles,31,2021-04-27,,Y
50,Customer_50,Chicago,21,2023-08-04,2023-10-29,N
51,Customer_51,Los Angeles,26,2020-01-03,2020-03-28,N
52,Customer_52,Phoenix,44,2022-06-17,2022-08-30,N
53,Customer_53,Phoenix,63,2020-10-03,2020-11-07,N
54,Customer_54,Chicago,33,2022-08-08,2022-10-06,N
55,Customer_55,New York,28,2022-07-08,2022-09-17,N
56,Customer_56,Chicago,32,2021-07-25,2021-09-26,N
57,Customer_57,Los Angeles,33,2021-12-04,2022-02-04,N
58,Customer_58,Phoenix,64,2021-02-24,2021-05-15,N
59,Customer_59,Phoenix,34,2020-07-24,2020-09-03,N
60,Customer_60,Houston,46,2022-04-05,,Y
61,Customer_61,Houston,50,2023-06-25,,Y
62,Customer_62,Houston,33,2020-02-27,2020-04-21,N
63,Customer_63,Los Angeles,23,2020-01-24,,Y
64,Customer_64,Phoenix,68,2023-07-05,2023-09-13,N
65,Customer_65,New York,45,2020-02-08,2020-04-25,N
66,Customer_66,New York,51,2021-12-29,,Y
67,Customer_67,Los Angeles,30,2021-08-13,2021-11-03,N
68,Customer_68,New York,29,2021-07-08,2021-10-03,N
69,Customer_69,Los Angeles,48,2021-07-20,2021-08-28,N
70,Customer_70,Chicago,21,2021-03-08,,Y
71,Customer_71,Chicago,63,2020-04-17,2020-06-05,N
72,Customer_72,Phoenix,61,2022-02-11,2022-04-15,N
73,Customer_73,Los Angeles,29,2023-07-25,,Y
74,Customer_74,Chicago,44,2023-05-10,,Y
75,Customer_75,Houston,42,2022-08-30,,Y
76,Customer_76,Los Angeles,23,2021-05-24,2021-08-26,N
77,Customer_77,Houston,65,2020-08-20,2020-09-22,N
78,Customer_78,Los Angeles,65,2021-05-28,2021-07-27,N
79,Customer_79,Houston,58,2021-07-31,2021-09-06,N
80,Customer_80,Los Angeles,27,2021-10-05,2021-12-18,N
81,Customer_81,Chicago,70,2020-08-17,,Y
82,Customer_82,Phoenix,27,2023-08-15,,Y
83,Customer_83,New York,33,2023-03-23,2023-04-28,N
84,Customer_84,Houston,22,2022-04-10,,Y
85,Customer_85,Chicago,25,2023-04-19,,Y
86,Customer_86,Los Angeles,46,2021-03-18,2021-06-15,N
87,Customer_87,Los Angeles,52,2023-04-12,,Y
88,Customer_88,Houston,65,2023-05-29,,Y
89,Customer_89,Phoenix,56,2021-06-16,2021-09-09,N
90,Customer_90,Houston,58,2022-01-01,2022-03-02,N
91,Customer_91,New York,65,2022-02-26,2022-04-21,N
92,Customer_92,Chicago,44,2021-04-26,2021-06-02,N
93,Customer_93,Chicago,42,2020-06-22,2020-08-26,N
94,Customer_94,New York,31,2020-10-20,2020-11-20,N
95,Customer_95,Chicago,43,2020-09-27,2020-12-07,N
96,Customer_96,Chicago,37,2020-03-04,2020-05-07,N
97,Customer_97,New York,21,2021-06-09,2021-08-25,N
98,Customer_98,New York,57,2022-02-09,2022-03-30,N
99,Customer_99,Phoenix,35,2020-06-15,,Y
100,Customer_100,Phoenix,46,2021-08-24,2021-10-17,N
101,Customer_101,Chicago,23,2020-08-21,2020-10-17,N
102,Customer_102,Phoenix,58,2023-03-29,,Y
103,Customer_103,Chicago,46,2022-02-12,2022-04-15,N
104,Customer_104,Los Angeles,54,2021-05-14,2021-06-28,N
105,Customer_105,Phoenix,27,2022-08-16,2022-11-19,N
106,Customer_106,Chicago,23,2023-05-12,2023-07-19,N
107,Customer_107,Houston,51,2023-06-23,2023-09-30,N
108,Customer_108,Houston,40,2022-11-16,2023-02-20,N
109,Customer_109,Chicago,44,2023-01-29,2023-05-05,N
110,Customer_110,Phoenix,63,2021-11-30,,Y
111,Customer_111,Houston,55,2023-09-13,2023-12-21,N
112,Customer_112,Phoenix,53,2020-02-10,2020-05-07,N
113,Customer_113,Houston,62,2020-02-10,2020-04-25,N
114,Customer_114,Houston,29,2021-03-26,,Y
115,Customer_115,New York,22,2023-02-21,2023-04-09,N
116,Customer_116,New York,59,2021-02-17,2021-04-27,N
117,Customer_117,Phoenix,64,2021-08-11,2021-09-19,N
118,Customer_118,Phoenix,33,2021-06-05,2021-07-06,N
119,Customer_119,Chicago,51,2023-07-22,2023-10-24,N
120,Customer_120,Houston,39,2020-01-27,2020-02-28,N
121,Customer_121,Houston,50,2022-08-11,,Y
122,Customer_122,Houston,61,2020-08-02,2020-09-13,N
123,Customer_123,Chicago,54,2022-12-18,,Y
124,Customer_124,New York,30,2021-05-20,2021-07-31,N
125,Customer_125,Chicago,58,2020-01-20,2020-04-09,N
126,Customer_126,New York,42,2021-07-12,2021-09-15,N
127,Customer_127,Chicago,62,2021-03-27,,Y
128,Customer_128,Phoenix,39,2022-04-06,2022-05-17,N
129,Customer_129,New York,58,2023-01-22,2023-03-31,N
130,Customer_130,New York,32,2023-02-01,2023-04-18,N
131,Customer_131,Phoenix,54,2022-06-14,,Y
132,Customer_132,Houston,53,2023-05-12,2023-08-04,N
133,Customer_133,Chicago,30,2020-12-03,2021-02-19,N
134,Customer_134,Phoenix,47,2023-01-14,2023-03-08,N
135,Customer_135,Houston,64,2020-04-24,2020-06-22,N
136,Customer_136,Los Angeles,23,2023-04-15,2023-05-21,N
137,Customer_137,New York,35,2020-08-19,2020-10-18,N
138,Customer_138,Los Angeles,70,2020-08-24,2020-10-22,N
139,Customer_139,Los Angeles,50,2022-09-14,2022-11-28,N
140,Customer_140,Phoenix,45,2020-03-18,2020-06-09,N
141,Customer_141,Phoenix,61,2023-02-15,,Y
142,Customer_142,Chicago,68,2022-08-07,,Y
143,Customer_143,Phoenix,64,2021-02-11,2021-04-27,N
144,Customer_144,Los Angeles,45,2023-06-03,2023-08-05,N
145,Customer_145,Chicago,65,2020-12-16,2021-03-18,N
146,Customer_146,Chicago,40,2023-09-22,2023-11-18,N
147,Customer_147,Houston,57,2022-04-30,,Y
148,Customer_148,Chicago,29,2022-01-14,,Y
149,Customer_149,Chicago,30,2020-02-14,,Y
150,Customer_150,Phoenix,25,2020-02-16,,Y
151,Customer_151,Houston,29,2021-09-19,2021-11-14,N
152,Customer_152,Houston,46,2020-03-02,2020-04-03,N
153,Customer_153,Chicago,46,2022-11-04,2023-01-23,N
154,Customer_154,Los Angeles,53,2020-02-14,2020-05-17,N
155,Customer_155,Los Angeles,57,2022-02-19,2022-03-24,N
156,Customer_156,Houston,25,2020-01-11,,Y
157,Customer_157,Los Angeles,69,2020-01-28,2020-03-20,N
158,Customer_158,Los Angeles,59,2021-05-17,,Y
159,Customer_159,Chicago,42,2020-12-30,2021-03-05,N
160,Customer_160,Chicago,39,2021-11-25,2022-01-14,N
161,Customer_161,Los Angeles,39,2020-04-27,2020-07-05,N
162,Customer_162,Los Angeles,40,2023-03-08,,Y
163,Customer_163,Los Angeles,26,2021-08-15,2021-10-01,N
164,Customer_164,Chicago,40,2022-09-16,,Y
165,Customer_165,Phoenix,30,2020-06-01,,Y
166,Customer_166,Phoenix,59,2023-06-14,2023-08-15,N
167,Customer_167,New York,66,2023-03-13,2023-04-19,N
168,Customer_168,Phoenix,48,2020-08-25,2020-10-21,N
169,Customer_169,Chicago,68,2021-02-21,,Y
170,Customer_170,Los Angeles,38,2023-03-08,2023-06-13,N
171,Customer_171,Chicago,59,2022-07-04,2022-09-08,N
172,Customer_172,Houston,25,2021-11-03,2022-01-24,N
173,Customer_173,Chicago,49,2021-05-15,2021-07-17,N
174,Customer_174,Chicago,39,2020-01-21,2020-03-08,N
175,Customer_175,Houston,45,2023-07-18,2023-09-26,N
176,Customer_176,Phoenix,57,2022-11-27,,Y
177,Customer_177,Houston,47,2022-09-14,2022-11-04,N
178,Customer_178,New York,24,2021-05-15,,Y
179,Customer_179,Chicago,68,2022-12-28,2023-03-23,N
180,Customer_180,Los Angeles,20,2020-08-08,2020-10-05,N
181,Customer_181,Phoenix,29,2021-09-22,,Y
182,Customer_182,Chicago,49,2022-08-31,2022-11-25,N
183,Customer_183,New York,45,2021-03-01,2021-05-27,N
184,Customer_184,Houston,45,2022-04-04,,Y
185,Customer_185,Houston,47,2021-05-04,2021-07-25,N
186,Customer_186,Chicago,60,2020-07-28,,Y
187,Customer_187,Chicago,22,2020-02-03,2020-03-10,N
188,Customer_188,Los Angeles,30,2021-04-12,2021-06-07,N
189,Customer_189,Phoenix,21,2022-06-07,2022-08-26,N
190,Customer_190,New York,60,2022-03-01,2022-04-27,N
191,Customer_191,Chicago,52,2020-11-17,,Y
192,Customer_192,Chicago,33,2020-10-12,,Y
193,Customer_193,Los Angeles,60,2021-02-25,2021-05-23,N
194,Customer_194,Chicago,47,2023-02-11,2023-05-03,N
195,Customer_195,New York,29,2022-01-12,2022-03-24,N
196,Customer_196,Phoenix,20,2022-01-14,,Y
197,Customer_197,Phoenix,36,2021-07-24,2021-09-24,N
198,Customer_198,Chicago,57,2022-01-29,2022-04-08,N
199,Customer_199,Los Angeles,55,2022-09-08,2022-10-23,N
200,Customer_200,Houston,56,2022-06-28,2022-08-27,N
201,Customer_201,Los Angeles,56,2023-03-16,2023-05-22,N
202,Customer_202,Chicago,22,2021-05-08,2021-08-06,N
203,Customer_203,Houston,31,2023-02-05,,Y
204,Customer_204,Houston,37,2023-03-08,2023-06-07,N
205,Customer_205,Chicago,39,2022-11-06,,Y
206,Customer_206,Los Angeles,22,2021-05-31,,Y
207,Customer_207,Los Angeles,33,2021-06-02,,Y
208,Customer_208,New York,65,2022-08-06,2022-10-13,N
209,Customer_209,Houston,48,2023-01-23,,Y
210,Customer_210,New York,57,2021-11-05,2021-12-12,N
211,Customer_211,Chicago,34,2023-01-04,2023-03-26,N
212,Customer_212,Houston,61,2022-05-31,,Y
213,Customer_213,Los Angeles,51,2023-02-20,2023-05-23,N
214,Customer_214,New York,60,2020-03-29,,Y
215,Customer_215,Los Angeles,51,2021-08-02,2021-10-06,N
216,Customer_216,Chicago,53,2021-08-26,2021-10-14,N
217,Customer_217,Chicago,59,2023-09-07,,Y
218,Customer_218,Los Angeles,24,2020-02-17,2020-04-03,N
219,Customer_219,Phoenix,57,2020-06-28,,Y
220,Customer_220,New York,37,2020-02-27,2020-05-22,N
221,Customer_221,Phoenix,68,2021-11-23,2022-03-03,N
222,Customer_222,Phoenix,60,2021-05-16,2021-06-27,N
223,Customer_223,Los Angeles,59,2022-10-04,,Y
224,Customer_224,Houston,25,2020-08-17,,Y
225,Customer_225,Phoenix,68,2020-05-06,,Y
226,Customer_226,New York,27,2022-01-16,2022-03-03,N
227,Customer_227,Houston,56,2022-08-24,,Y
228,Customer_228,Los Angeles,66,2023-07-14,,Y
229,Customer_229,Phoenix,68,2020-02-25,2020-04-13,N
230,Customer_230,New York,69,2022-08-29,2022-10-26,N
231,Customer_231,Houston,30,2023-04-11,2023-05-11,N
232,Customer_232,Phoenix,28,2022-11-25,2023-02-16,N
233,Customer_233,Los Angeles,49,2021-10-09,2022-01-07,N
234,Customer_234,Phoenix,41,2021-07-26,2021-09-03,N
235,Customer_235,Los Angeles,48,2023-06-24,2023-09-27,N
236,Customer_236,New York,34,2022-04-15,,Y
237,Customer_237,Houston,51,2020-08-12,2020-11-07,N
238,Customer_238,Phoenix,27,2023-01-20,,Y
239,Customer_239,Los Angeles,40,2022-06-13,2022-08-29,N
240,Customer_240,Chicago,61,2021-05-07,2021-07-17,N
241,Customer_241,Los Angeles,48,2021-06-06,2021-08-01,N
242,Customer_242,New York,63,2022-04-09,,Y
243,Customer_243,Chicago,48,2022-06-12,2022-09-10,N
244,Customer_244,Phoenix,51,2020-04-13,,Y
245,Customer_245,Chicago,20,2023-09-13,2023-12-22,N
246,Customer_246,Los Angeles,59,2022-08-16,,Y
247,Customer_247,New York,21,2021-09-14,2021-10-18,N
248,Customer_248,Los Angeles,68,2021-12-17,2022-03-14,N
249,Customer_249,Los Angeles,31,2021-09-06,2021-10-25,N
250,Customer_250,Houston,68,2020-05-12,2020-08-05,N
251,Customer_251,Chicago,47,2021-06-04,2021-09-07,N
252,Customer_252,Chicago,55,2022-01-18,2022-04-09,N
253,Customer_253,New York,57,2021-02-25,2021-04-29,N
254,Customer_254,Chicago,60,2021-11-05,2021-12-10,N
255,Customer_255,New York,20,2020-02-27,,Y
256,Customer_256,Phoenix,47,2021-11-07,2021-12-31,N
257,Customer_257,Los Angeles,64,2021-07-22,2021-10-26,N
258,Customer_258,Chicago,66,2020-03-04,2020-05-28,N
259,Customer_259,Phoenix,56,2023-03-31,2023-05-16,N
260,Customer_260,Los Angeles,41,2021-07-22,2021-09-02,N
261,Customer_261,Chicago,40,2021-03-10,,Y
262,Customer_262,Houston,50,2020-08-01,2020-09-13,N
263,Customer_263,New York,63,2022-06-21,2022-09-22,N
264,Customer_264,Los Angeles,20,2020-01-17,2020-02-25,N
265,Customer_265,New York,42,2023-08-29,,Y
266,Customer_266,New York,45,2022-08-22,2022-10-05,N
267,Customer_267,Los Angeles,27,2020-02-16,2020-04-29,N
268,Customer_268,Los Angeles,52,2021-10-01,2021-11-16,N
269,Customer_269,Houston,33,2020-04-20,2020-06-29,N
270,Customer_270,Los Angeles,36,2023-06-09,2023-08-23,N
271,Customer_271,Phoenix,34,2021-12-01,2022-01-24,N
272,Customer_272,Chicago,60,2020-02-13,2020-04-17,N
273,Customer_273,Los Angeles,32,2020-05-14,2020-08-08,N
274,Customer_274,Houston,37,2022-06-21,2022-08-04,N
275,Customer_275,Chicago,63,2023-03-03,2023-04-14,N
276,Customer_276,New York,35,2023-04-21,2023-06-19,N
277,Customer_277,Los Angeles,70,2022-07-23,,Y
278,Customer_278,Phoenix,49,2020-01-22,2020-03-05,N
279,Customer_279,Phoenix,67,2022-10-27,2023-02-04,N
280,Customer_280,Houston,70,2020-07-25,2020-08-28,N
281,Customer_281,New York,43,2021-01-18,,Y
282,Customer_282,Houston,67,2022-06-10,,Y
283,Customer_283,Los Angeles,43,2020-07-23,2020-09-03,N
284,Customer_284,Los Angeles,41,2022-05-24,,Y
285,Customer_285,New York,51,2021-11-21,,Y
286,Customer_286,Houston,41,2020-11-05,2021-02-02,N
287,Customer_287,Houston,43,2022-11-16,,Y
288,Customer_288,New York,65,2022-09-23,,Y
289,Customer_289,Houston,64,2020-03-07,2020-05-15,N
290,Customer_290,Chicago,59,2021-05-26,2021-07-03,N
291,Customer_291,New York,37,2020-09-14,,Y
292,Customer_292,Los Angeles,58,2022-06-03,2022-08-30,N
293,Customer_293,Los Angeles,66,2021-01-15,2021-04-18,N
294,Customer_294,Phoenix,34,2020-09-28,2021-01-03,N
295,Customer_295,Los Angeles,31,2020-10-12,2020-12-13,N
296,Customer_296,Houston,48,2020-03-04,,Y
297,Customer_297,New York,35,2021-06-14,2021-09-10,N
298,Customer_298,Los Angeles,24,2023-09-12,,Y
299,Customer_299,Los Angeles,51,2022-05-04,,Y
300,Customer_300,Los Angeles,26,2022-06-25,2022-09-04,N
301,Customer_301,Houston,41,2020-04-02,2020-06-04,N
302,Customer_302,Houston,61,2020-11-16,,Y
303,Customer_303,Houston,25,2021-02-18,2021-05-08,N
304,Customer_304,New York,44,2021-12-21,2022-02-13,N
305,Customer_305,Houston,56,2020-03-15,2020-04-29,N
306,Customer_306,Houston,54,2020-03-28,2020-05-05,N
307,Customer_307,Los Angeles,69,2021-05-08,,Y
308,Customer_308,New York,26,2022-07-20,,Y
309,Customer_309,New York,60,2023-03-09,,Y
310,Customer_310,New York,36,2022-05-07,2022-08-15,N
311,Customer_311,Chicago,55,2021-05-29,2021-08-22,N
312,Customer_312,Houston,29,2023-01-08,2023-03-20,N
313,Customer_313,Houston,55,2022-03-17,,Y
314,Customer_314,Chicago,44,2022-05-01,,Y
315,Customer_315,New York,60,2023-06-02,2023-07-22,N
316,Customer_316,Houston,36,2023-01-17,,Y
317,Customer_317,Chicago,61,2020-02-24,,Y
318,Customer_318,New York,49,2020-01-20,2020-03-01,N
319,Customer_319,Phoenix,33,2023-03-08,2023-04-17,N
320,Customer_320,Los Angeles,25,2021-06-23,2021-08-05,N
321,Customer_321,New York,56,2023-02-10,2023-05-21,N
322,Customer_322,New York,39,2022-02-10,2022-03-21,N
323,Customer_323,Chicago,38,2023-04-24,2023-06-21,N
324,Customer_324,Phoenix,23,2022-03-18,2022-06-07,N
325,Customer_325,New York,41,2022-08-06,2022-10-18,N
326,Customer_326,Phoenix,39,2022-07-20,2022-10-18,N
327,Customer_327,New York,45,2023-08-16,2023-10-16,N
328,Customer_328,Los Angeles,70,2022-04-12,,Y
329,Customer_329,Phoenix,62,2021-05-31,2021-08-31,N
330,Customer_330,Houston,62,2021-06-02,,Y
331,Customer_331,New York,28,2020-07-15,2020-09-14,N
332,Customer_332,Chicago,22,2023-07-24,2023-08-31,N
333,Customer_333,Houston,41,2022-01-19,2022-04-14,N
334,Customer_334,Chicago,31,2020-11-27,,Y
335,Customer_335,Phoenix,40,2022-02-22,2022-03-26,N
336,Customer_336,Chicago,25,2020-01-20,2020-03-07,N
337,Customer_337,Phoenix,68,2022-11-12,2023-02-19,N
338,Customer_338,Chicago,38,2021-11-29,2022-01-17,N
339,Customer_339,New York,23,2020-03-05,2020-04-17,N
340,Customer_340,Phoenix,54,2023-06-09,2023-09-15,N
341,Customer_341,Phoenix,55,2020-11-22,2020-12-29,N
342,Customer_342,New York,28,2022-06-26,2022-08-18,N
343,Customer_343,Phoenix,23,2020-03-19,2020-06-12,N
344,Customer_344,Los Angeles,41,2022-09-07,2022-11-20,N
345,Customer_345,Houston,48,2021-03-05,,Y
346,Customer_346,New York,61,2020-03-01,2020-04-02,N
347,Customer_347,Houston,26,2021-11-13,,Y
348,Customer_348,Phoenix,52,2021-08-11,2021-11-09,N
349,Customer_349,Houston,43,2020-01-14,,Y
350,Customer_350,New York,51,2021-10-23,2021-12-14,N
351,Customer_351,Chicago,65,2020-05-22,2020-07-22,N
352,Customer_352,New York,27,2021-07-11,,Y
353,Customer_353,Houston,21,2021-08-27,,Y
354,Customer_354,Chicago,25,2021-07-14,2021-09-07,N
355,Customer_355,Phoenix,42,2020-06-30,2020-08-19,N
356,Customer_356,New York,46,2020-12-07,2021-02-18,N
357,Customer_357,Phoenix,40,2020-12-13,2021-02-14,N
358,Customer_358,Los Angeles,39,2022-10-11,2022-11-24,N
359,Customer_359,Houston,50,2020-03-13,2020-04-21,N
360,Customer_360,Chicago,45,2020-01-20,2020-03-01,N
361,Customer_361,Los Angeles,27,2021-01-05,2021-03-04,N
362,Customer_362,Los Angeles,43,2020-01-16,2020-03-02,N
363,Customer_363,New York,68,2023-03-13,2023-05-18,N
364,Customer_364,Chicago,62,2021-04-11,2021-05-26,N
365,Customer_365,Houston,54,2020-08-16,,Y
366,Customer_366,Los Angeles,64,2022-09-13,,Y
367,Customer_367,Houston,52,2021-08-31,2021-12-05,N
368,Customer_368,Phoenix,55,2020-10-02,2020-12-30,N
369,Customer_369,Chicago,38,2022-08-22,2022-10-05,N
370,Customer_370,New York,35,2021-09-16,,Y
371,Customer_371,New York,67,2022-10-02,,Y
372,Customer_372,New York,41,2022-11-12,,Y
373,Customer_373,Houston,64,2023-01-07,2023-03-06,N
374,Customer_374,New York,57,2023-08-19,,Y
375,Customer_375,Phoenix,24,2021-09-15,,Y
376,Customer_376,New York,35,2022-02-07,,Y
377,Customer_377,Phoenix,62,2020-02-19,2020-03-29,N
378,Customer_378,Los Angeles,41,2023-03-29,2023-05-31,N
379,Customer_379,Houston,41,2020-10-07,,Y
380,Customer_380,New York,52,2022-09-04,2022-12-09,N
381,Customer_381,Houston,28,2020-04-10,2020-06-12,N
382,Customer_382,New York,39,2023-02-07,,Y
383,Customer_383,Phoenix,46,2021-02-12,2021-05-20,N
384,Customer_384,New York,21,2022-08-01,,Y
385,Customer_385,New York,22,2021-07-11,2021-09-09,N
386,Customer_386,Los Angeles,20,2023-01-20,,Y
387,Customer_387,Chicago,25,2023-08-09,2023-11-16,N
388,Customer_388,Los Angeles,52,2022-10-31,2023-01-13,N
389,Customer_389,Phoenix,46,2021-12-18,,Y
390,Customer_390,Phoenix,54,2022-05-17,2022-08-13,N
391,Customer_391,New York,33,2023-03-09,,Y
392,Customer_392,Los Angeles,53,2020-05-27,2020-07-30,N
393,Customer_393,Chicago,64,2023-03-16,2023-04-27,N
394,Customer_394,Los Angeles,46,2021-12-13,2022-02-21,N
395,Customer_395,New York,66,2022-04-19,2022-05-19,N
396,Customer_396,Phoenix,51,2023-08-20,,Y
397,Customer_397,Houston,20,2021-11-20,2022-02-21,N
398,Customer_398,New York,70,2022-11-24,2023-01-31,N
399,Customer_399,Phoenix,64,2022-08-17,2022-11-18,N
400,Customer_400,New York,50,2020-06-17,,Y
401,Customer_401,Phoenix,54,2022-03-04,2022-04-12,N
402,Customer_402,Houston,50,2023-05-25,,Y
403,Customer_403,Phoenix,47,2022-03-03,2022-05-31,N
404,Customer_404,Houston,22,2022-10-05,2022-12-22,N
405,Customer_405,Chicago,63,2020-02-01,,Y
406,Customer_406,Houston,29,2023-03-29,2023-05-20,N
407,Customer_407,Chicago,40,2022-12-15,2023-03-02,N
408,Customer_408,Chicago,50,2022-10-17,2022-12-09,N
409,Customer_409,New York,37,2022-03-22,2022-06-06,N
410,Customer_410,New York,52,2022-05-26,,Y
411,Customer_411,Los Angeles,51,2023-05-20,2023-07-06,N
412,Customer_412,Phoenix,58,2021-11-18,2022-01-05,N
413,Customer_413,Los Angeles,33,2022-12-28,,Y
414,Customer_414,New York,68,2022-07-27,2022-08-26,N
415,Customer_415,Los Angeles,37,2023-02-24,2023-04-14,N
416,Customer_416,New York,66,2020-07-23,2020-10-08,N
417,Customer_417,Chicago,58,2023-03-09,2023-04-11,N
418,Customer_418,New York,24,2020-11-12,2021-02-09,N
419,Customer_419,Phoenix,40,2023-08-01,2023-09-13,N
420,Customer_420,New York,52,2023-08-25,2023-11-14,N
421,Customer_421,Phoenix,70,2023-02-05,2023-04-18,N
422,Customer_422,Los Angeles,50,2020-06-12,2020-07-18,N
423,Customer_423,New York,57,2020-01-12,,Y
424,Customer_424,Chicago,59,2021-04-07,,Y
425,Customer_425,Houston,23,2021-02-03,,Y
426,Customer_426,Los Angeles,53,2022-03-13,2022-05-18,N
427,Customer_427,New York,62,2020-03-06,,Y
428,Customer_428,Chicago,51,2020-09-24,2020-11-28,N
429,Customer_429,Phoenix,46,2021-08-21,2021-11-14,N
430,Customer_430,Chicago,49,2020-05-24,2020-08-17,N
431,Customer_431,Houston,64,2023-07-08,,Y
432,Customer_432,Phoenix,41,2023-08-26,2023-10-26,N
433,Customer_433,Los Angeles,60,2021-04-19,,Y
434,Customer_434,Houston,28,2021-04-25,,Y
435,Customer_435,New York,48,2020-10-22,2020-12-14,N
436,Customer_436,Phoenix,37,2020-01-26,2020-03-05,N
437,Customer_437,Chicago,23,2021-02-24,2021-05-29,N
438,Customer_438,Chicago,52,2022-10-06,,Y
439,Customer_439,Houston,56,2023-04-17,2023-07-21,N
440,Customer_440,Phoenix,65,2022-07-06,,Y
441,Customer_441,Los Angeles,69,2020-06-11,2020-08-29,N
442,Customer_442,Phoenix,26,2021-11-22,,Y
443,Customer_443,Phoenix,52,2020-12-14,2021-03-07,N
444,Customer_444,Los Angeles,53,2022-01-19,2022-04-20,N
445,Customer_445,Los Angeles,68,2022-12-21,,Y
446,Customer_446,New York,23,2022-10-27,2023-01-21,N
447,Customer_447,Phoenix,56,2020-11-12,,Y
448,Customer_448,Chicago,29,2021-10-25,,Y
449,Customer_449,Los Angeles,53,2021-12-16,,Y
450,Customer_450,Los Angeles,66,2022-10-31,2023-01-26,N
451,Customer_451,Los Angeles,39,2023-08-21,,Y
452,Customer_452,New York,43,2023-03-18,2023-06-01,N
453,Customer_453,Chicago,22,2022-06-18,2022-09-20,N
454,Customer_454,Los Angeles,67,2021-10-16,2021-12-18,N
455,Customer_455,Phoenix,44,2021-09-19,2021-12-13,N
456,Customer_456,Phoenix,32,2021-05-21,,Y
457,Customer_457,Phoenix,62,2022-10-21,2022-12-10,N
458,Customer_458,Chicago,32,2023-07-05,2023-08-07,N
459,Customer_459,Los Angeles,25,2022-05-10,2022-08-09,N
460,Customer_460,Chicago,55,2021-01-26,2021-04-09,N
461,Customer_461,Houston,47,2021-03-12,2021-04-11,N
462,Customer_462,Los Angeles,26,2022-10-14,2023-01-21,N
463,Customer_463,New York,61,2023-01-17,2023-03-26,N
464,Customer_464,New York,46,2023-09-05,2023-11-13,N
465,Customer_465,New York,26,2022-01-01,2022-04-07,N
466,Customer_466,New York,21,2021-03-16,2021-04-18,N
467,Customer_467,Chicago,57,2020-05-28,,Y
468,Customer_468,Houston,36,2021-07-14,2021-09-28,N
469,Customer_469,Phoenix,34,2023-06-16,2023-08-11,N
470,Customer_470,Chicago,32,2020-01-25,,Y
471,Customer_471,Phoenix,51,2020-01-29,,Y
472,Customer_472,Chicago,61,2022-01-10,2022-04-09,N
473,Customer_473,Phoenix,56,2021-01-26,2021-03-27,N
474,Customer_474,New York,27,2020-06-25,2020-08-20,N
475,Customer_475,Houston,49,2020-08-25,2020-11-30,N
476,Customer_476,Houston,56,2020-02-19,2020-05-09,N
477,Customer_477,Los Angeles,58,2022-11-12,,Y
478,Customer_478,Houston,26,2023-01-28,2023-03-13,N
479,Customer_479,Chicago,68,2022-11-24,2023-02-11,N
480,Customer_480,New York,23,2023-06-20,2023-08-07,N
481,Customer_481,Phoenix,28,2020-04-16,,Y
482,Customer_482,Los Angeles,28,2020-02-20,2020-04-30,N
483,Customer_483,New York,42,2023-05-21,2023-06-22,N
484,Customer_484,New York,38,2022-02-23,2022-04-22,N
485,Customer_485,New York,64,2020-02-16,,Y
486,Customer_486,Houston,56,2020-04-03,2020-06-06,N
487,Customer_487,Los Angeles,32,2021-07-03,2021-10-02,N
488,Customer_488,New York,50,2023-08-03,,Y
489,Customer_489,New York,44,2020-08-10,2020-11-12,N
490,Customer_490,Phoenix,39,2022-06-30,2022-09-27,N
491,Customer_491,Los Angeles,70,2021-02-16,,Y
492,Customer_492,Houston,28,2023-05-11,,Y
493,Customer_493,Chicago,56,2020-04-26,2020-06-09,N
494,Customer_494,Chicago,38,2020-01-31,,Y
495,Customer_495,Houston,51,2021-12-14,,Y
496,Customer_496,Phoenix,53,2021-12-02,2022-03-12,N
497,Customer_497,Los Angeles,21,2021-09-25,2021-12-16,N
498,Customer_498,New York,48,2020-12-30,2021-02-06,N
499,Customer_499,Chicago,38,2021-03-16,2021-06-01,N
500,Customer_500,Phoenix,20,2021-12-20,2022-03-29,N
501,Customer_501,Los Angeles,36,2023-06-29,,Y
502,Customer_502,Chicago,69,2021-06-01,2021-09-05,N
503,Customer_503,Houston,60,2023-03-29,2023-06-01,N
504,Customer_504,Chicago,34,2023-05-26,2023-07-12,N
505,Customer_505,Phoenix,26,2023-04-28,2023-07-30,N
506,Customer_506,Phoenix,67,2020-08-12,2020-09-16,N
507,Customer_507,New York,65,2022-09-22,2022-12-29,N
508,Customer_508,Chicago,44,2022-12-15,2023-01-26,N
509,Customer_509,Los Angeles,68,2021-08-29,2021-11-18,N
510,Customer_510,Houston,56,2021-12-13,,Y
511,Customer_511,Houston,66,2021-08-10,2021-10-30,N
512,Customer_512,Houston,61,2021-09-05,2021-10-11,N
513,Customer_513,New York,30,2022-03-29,2022-06-11,N
514,Customer_514,Phoenix,33,2021-04-02,2021-05-23,N
515,Customer_515,Los Angeles,58,2022-05-11,,Y
516,Customer_516,Los Angeles,36,2023-04-13,,Y
517,Customer_517,Los Angeles,59,2020-08-31,,Y
518,Customer_518,Los Angeles,32,2021-02-16,2021-04-28,N
519,Customer_519,New York,23,2020-02-08,2020-04-14,N
520,Customer_520,New York,38,2021-06-30,2021-10-07,N
521,Customer_521,Chicago,30,2023-09-08,2023-12-07,N
522,Customer_522,Houston,60,2020-07-03,2020-09-03,N
523,Customer_523,Phoenix,20,2022-05-05,2022-06-26,N
524,Customer_524,Phoenix,68,2020-09-03,,Y
525,Customer_525,Chicago,50,2020-05-27,2020-08-11,N
526,Customer_526,Phoenix,68,2021-10-16,2021-11-20,N
527,Customer_527,Los Angeles,35,2021-10-19,2022-01-01,N
528,Customer_528,Los Angeles,27,2021-07-29,,Y
529,Customer_529,Phoenix,27,2020-07-20,2020-10-28,N
530,Customer_530,New York,43,2020-12-10,2021-01-17,N
531,Customer_531,Los Angeles,50,2023-05-13,2023-06-15,N
532,Customer_532,Phoenix,40,2020-05-10,2020-08-09,N
533,Customer_533,Los Angeles,55,2022-01-13,2022-02-25,N
534,Customer_534,Houston,70,2023-02-23,2023-04-27,N
535,Customer_535,Los Angeles,31,2022-12-07,,Y
536,Customer_536,Los Angeles,49,2022-04-06,,Y
537,Customer_537,Chicago,34,2023-07-21,2023-09-01,N
538,Customer_538,New York,55,2021-06-18,,Y
539,Customer_539,Houston,60,2022-01-08,2022-03-08,N
540,Customer_540,New York,67,2023-01-03,,Y
541,Customer_541,Houston,37,2020-03-23,2020-05-13,N
542,Customer_542,Houston,42,2020-12-24,2021-03-17,N
543,Customer_543,Houston,33,2020-01-16,2020-04-03,N
544,Customer_544,Chicago,38,2022-05-06,,Y
545,Customer_545,Houston,26,2020-03-10,2020-05-04,N
546,Customer_546,Phoenix,49,2021-07-12,2021-08-31,N
547,Customer_547,Phoenix,47,2020-02-21,2020-05-16,N
548,Customer_548,New York,35,2021-01-22,,Y
549,Customer_549,Phoenix,38,2021-05-03,2021-08-10,N
550,Customer_550,New York,47,2021-03-08,2021-05-09,N
551,Customer_551,New York,57,2020-06-17,,Y
552,Customer_552,Phoenix,52,2023-04-03,2023-06-29,N
553,Customer_553,Houston,65,2021-12-25,,Y
554,Customer_554,Los Angeles,25,2022-02-08,2022-04-30,N
555,Customer_555,Chicago,33,2021-09-11,,Y
556,Customer_556,Phoenix,55,2021-10-26,2022-01-18,N
557,Customer_557,Phoenix,36,2023-01-10,2023-04-17,N
558,Customer_558,New York,52,2022-05-22,,Y
559,Customer_559,Phoenix,69,2020-09-12,2020-12-15,N
560,Customer_560,Houston,36,2020-11-02,,Y
561,Customer_561,Chicago,57,2023-08-05,,Y
562,Customer_562,Houston,60,2023-03-23,2023-05-24,N
563,Customer_563,Houston,61,2023-04-11,2023-06-10,N
564,Customer_564,Los Angeles,25,2022-03-10,,Y
565,Customer_565,Phoenix,46,2021-10-27,,Y
566,Customer_566,New York,57,2021-08-15,,Y
567,Customer_567,New York,30,2022-09-17,,Y
568,Customer_568,Los Angeles,24,2020-05-16,2020-08-16,N
569,Customer_569,Chicago,52,2022-02-14,,Y
570,Customer_570,Chicago,59,2020-06-11,,Y
571,Customer_571,Phoenix,28,2020-09-30,2020-11-23,N
572,Customer_572,New York,64,2022-03-10,2022-06-11,N
573,Customer_573,Phoenix,32,2022-09-09,2022-12-04,N
574,Customer_574,Chicago,67,2023-06-19,,Y
575,Customer_575,Chicago,26,2023-07-20,,Y
576,Customer_576,Los Angeles,31,2021-11-30,,Y
577,Customer_577,Los Angeles,30,2022-07-21,2022-08-24,N
578,Customer_578,Phoenix,69,2021-02-24,2021-05-15,N
579,Customer_579,Los Angeles,29,2022-03-29,2022-05-19,N
580,Customer_580,Houston,56,2022-01-18,2022-03-22,N
581,Customer_581,Chicago,66,2022-08-29,2022-10-03,N
582,Customer_582,Los Angeles,35,2023-01-21,2023-04-11,N
583,Customer_583,Phoenix,34,2023-07-06,2023-09-28,N
584,Customer_584,Chicago,68,2023-02-19,2023-05-26,N
585,Customer_585,Los Angeles,37,2023-02-08,,Y
586,Customer_586,Houston,50,2021-07-20,2021-10-14,N
587,Customer_587,Phoenix,70,2021-10-31,2022-01-19,N
588,Customer_588,New York,48,2021-11-06,2021-12-19,N
589,Customer_589,New York,53,2021-10-17,,Y
590,Customer_590,Chicago,45,2021-02-09,2021-05-11,N
591,Customer_591,Chicago,56,2020-12-29,2021-01-28,N
592,Customer_592,New York,22,2020-06-25,2020-10-01,N
593,Customer_593,New York,42,2020-09-23,2021-01-01,N
594,Customer_594,Houston,20,2020-11-03,2020-12-23,N
595,Customer_595,Phoenix,47,2022-04-24,,Y
596,Customer_596,Houston,42,2023-06-09,,Y
597,Customer_597,Houston,35,2020-09-18,2020-12-06,N
598,Customer_598,Phoenix,39,2020-08-23,,Y
599,Customer_599,Houston,42,2023-06-04,2023-08-14,N
600,Customer_600,Houston,24,2020-12-11,2021-01-23,N
601,Customer_601,Houston,65,2021-01-28,2021-04-13,N
602,Customer_602,New York,65,2022-07-01,,Y
603,Customer_603,Phoenix,28,2020-03-30,2020-05-07,N
604,Customer_604,Houston,20,2021-02-18,2021-05-07,N
605,Customer_605,Phoenix,64,2020-09-19,2020-11-18,N
606,Customer_606,New York,29,2021-06-23,2021-08-20,N
607,Customer_607,Chicago,66,2021-03-01,2021-04-17,N
608,Customer_608,Houston,63,2022-05-23,2022-07-19,N
609,Customer_609,Houston,48,2020-01-10,,Y
610,Customer_610,Chicago,69,2021-10-04,,Y
611,Customer_611,Houston,58,2023-01-13,2023-04-23,N
612,Customer_612,Los Angeles,55,2023-05-23,2023-08-06,N
613,Customer_613,Phoenix,20,2022-05-01,2022-07-14,N
614,Customer_614,Houston,36,2021-10-13,2022-01-05,N
615,Customer_615,Chicago,63,2022-11-01,2022-12-17,N
616,Customer_616,New York,41,2022-05-15,2022-07-15,N
617,Customer_617,Houston,46,2023-09-14,2023-10-14,N
618,Customer_618,Los Angeles,52,2022-03-10,2022-05-18,N
619,Customer_619,Chicago,68,2022-03-10,,Y
620,Customer_620,Houston,39,2022-07-01,,Y
621,Customer_621,Phoenix,58,2021-12-15,,Y
622,Customer_622,Houston,41,2023-02-11,2023-04-13,N
623,Customer_623,Houston,31,2020-09-06,,Y
624,Customer_624,Houston,32,2022-03-14,,Y
625,Customer_625,Los Angeles,30,2020-11-26,,Y
626,Customer_626,Los Angeles,53,2020-04-06,2020-05-23,N
627,Customer_627,New York,24,2021-01-10,,Y
628,Customer_628,Chicago,44,2022-09-02,2022-11-30,N
629,Customer_629,Los Angeles,38,2022-03-02,2022-05-18,N
630,Customer_630,Chicago,31,2023-03-24,,Y
631,Customer_631,Los Angeles,43,2022-05-31,2022-07-24,N
632,Customer_632,Chicago,44,2023-01-14,2023-04-12,N
633,Customer_633,New York,39,2020-04-12,2020-05-18,N
634,Customer_634,Houston,40,2023-05-13,,Y
635,Customer_635,Houston,42,2023-07-03,2023-10-06,N
636,Customer_636,Houston,64,2021-10-07,2021-11-10,N
637,Customer_637,Los Angeles,53,2021-02-22,,Y
638,Customer_638,Phoenix,39,2023-04-26,,Y
639,Customer_639,Phoenix,45,2022-10-29,,Y
640,Customer_640,Phoenix,43,2023-05-01,2023-07-17,N
641,Customer_641,Chicago,57,2023-01-22,2023-03-11,N
642,Customer_642,New York,23,2021-07-16,2021-08-31,N
643,Customer_643,Houston,62,2020-03-29,2020-06-08,N
644,Customer_644,Phoenix,38,2020-11-20,2021-01-23,N
645,Customer_645,Los Angeles,56,2020-11-19,2021-02-05,N
646,Customer_646,Houston,61,2022-09-16,2022-12-09,N
647,Customer_647,Chicago,21,2022-04-11,2022-06-16,N
648,Customer_648,Chicago,36,2020-02-23,2020-05-26,N
649,Customer_649,Los Angeles,68,2023-05-20,,Y
650,Customer_650,Phoenix,20,2020-10-29,2021-01-10,N
651,Customer_651,Houston,20,2021-01-29,2021-03-05,N
652,Customer_652,Houston,25,2023-01-15,2023-03-06,N
653,Customer_653,Houston,46,2020-09-20,2020-12-23,N
654,Customer_654,Phoenix,54,2020-12-07,2021-01-11,N
655,Customer_655,Los Angeles,28,2021-03-14,2021-06-16,N
656,Customer_656,Phoenix,30,2022-11-22,,Y
657,Customer_657,Phoenix,35,2020-05-01,2020-06-11,N
658,Customer_658,Houston,27,2021-03-04,2021-04-26,N
659,Customer_659,Chicago,35,2022-07-12,2022-08-30,N
660,Customer_660,Los Angeles,35,2022-02-11,2022-04-12,N
661,Customer_661,Phoenix,37,2022-12-26,,Y
662,Customer_662,New York,27,2020-06-14,2020-08-01,N
663,Customer_663,Chicago,61,2021-12-01,,Y
664,Customer_664,Houston,51,2021-09-22,2021-12-29,N
665,Customer_665,Chicago,29,2022-02-04,,Y
666,Customer_666,Chicago,52,2021-03-07,,Y
667,Customer_667,Houston,64,2020-11-12,2021-02-04,N
668,Customer_668,New York,67,2021-07-23,2021-09-12,N
669,Customer_669,New York,29,2022-09-21,,Y
670,Customer_670,Houston,22,2020-05-31,,Y
671,Customer_671,New York,64,2021-07-25,2021-09-17,N
672,Customer_672,Houston,64,2022-10-06,2022-12-08,N
673,Customer_673,Phoenix,57,2023-02-26,2023-05-27,N
674,Customer_674,Chicago,43,2022-08-09,2022-10-16,N
675,Customer_675,Chicago,26,2021-11-19,2022-01-13,N
676,Customer_676,Phoenix,62,2020-07-31,2020-10-17,N
677,Customer_677,New York,70,2022-05-20,2022-08-19,N
678,Customer_678,Houston,30,2023-07-27,2023-09-03,N
679,Customer_679,Los Angeles,31,2021-08-02,,Y
680,Customer_680,Chicago,31,2022-12-01,2023-02-26,N
681,Customer_681,New York,24,2021-01-16,2021-03-08,N
682,Customer_682,New York,69,2021-04-28,,Y
683,Customer_683,Los Angeles,44,2022-04-27,,Y
684,Customer_684,Phoenix,53,2022-05-24,2022-07-02,N
685,Customer_685,Chicago,57,2023-07-25,2023-09-22,N
686,Customer_686,Los Angeles,23,2021-12-24,2022-03-31,N
687,Customer_687,Los Angeles,39,2023-04-07,2023-07-07,N
688,Customer_688,Chicago,60,2023-04-17,2023-07-12,N
689,Customer_689,Chicago,61,2021-09-04,2021-11-01,N
690,Customer_690,Chicago,40,2023-03-06,,Y
691,Customer_691,Los Angeles,24,2021-08-03,2021-10-30,N
692,Customer_692,Houston,28,2020-07-25,,Y
693,Customer_693,Phoenix,38,2020-01-09,,Y
694,Customer_694,Los Angeles,54,2022-06-03,2022-07-12,N
695,Customer_695,New York,58,2023-09-07,2023-10-27,N
696,Customer_696,Chicago,67,2020-11-17,,Y
697,Customer_697,New York,63,2022-03-07,,Y
698,Customer_698,Phoenix,27,2022-09-14,2022-11-06,N
699,Customer_699,New York,42,2023-02-04,2023-03-21,N
700,Customer_700,Los Angeles,40,2022-04-25,2022-06-06,N
701,Customer_701,Los Angeles,35,2022-06-12,,Y
702,Customer_702,Phoenix,42,2022-03-10,2022-05-12,N
703,Customer_703,Chicago,40,2020-10-06,2020-11-23,N
704,Customer_704,Houston,67,2023-01-02,,Y
705,Customer_705,Chicago,20,2022-07-16,2022-09-06,N
706,Customer_706,Chicago,23,2021-11-02,,Y
707,Customer_707,Los Angeles,47,2020-09-19,,Y
708,Customer_708,Chicago,24,2021-03-22,2021-05-13,N
709,Customer_709,New York,56,2023-07-04,2023-09-09,N
710,Customer_710,New York,20,2023-01-17,,Y
711,Customer_711,New York,56,2023-05-13,,Y
712,Customer_712,Houston,40,2021-09-13,2021-11-07,N
713,Customer_713,Chicago,39,2020-08-04,2020-09-29,N
714,Customer_714,Houston,47,2020-03-11,2020-04-13,N
715,Customer_715,Los Angeles,27,2023-04-24,2023-07-07,N
716,Customer_716,Los Angeles,23,2021-05-29,2021-08-15,N
717,Customer_717,Los Angeles,68,2020-10-10,,Y
718,Customer_718,Phoenix,23,2023-05-21,2023-06-20,N
719,Customer_719,Chicago,62,2023-09-13,2023-12-16,N
720,Customer_720,Chicago,51,2021-05-28,,Y
721,Customer_721,Chicago,64,2022-10-18,2023-01-01,N
722,Customer_722,Houston,64,2022-12-28,,Y
723,Customer_723,Houston,44,2021-02-09,2021-03-18,N
724,Customer_724,New York,64,2021-10-18,,Y
725,Customer_725,Houston,68,2021-11-07,2021-12-13,N
726,Customer_726,Phoenix,35,2021-01-03,,Y
727,Customer_727,Chicago,30,2023-07-21,2023-08-31,N
728,Customer_728,Houston,49,2022-11-16,2023-01-27,N
729,Customer_729,Phoenix,23,2021-05-12,,Y
730,Customer_730,Chicago,62,2022-07-16,2022-09-09,N
731,Customer_731,Chicago,57,2021-09-10,2021-12-15,N
732,Customer_732,Phoenix,47,2022-04-27,2022-08-04,N
733,Customer_733,New York,40,2021-06-13,2021-08-04,N
734,Customer_734,Los Angeles,45,2020-01-25,,Y
735,Customer_735,New York,50,2022-10-16,,Y
736,Customer_736,New York,33,2022-10-19,,Y
737,Customer_737,Phoenix,56,2020-09-07,2020-10-27,N
738,Customer_738,New York,42,2022-07-26,2022-09-20,N
739,Customer_739,New York,43,2020-09-16,,Y
740,Customer_740,Houston,67,2022-03-03,,Y
741,Customer_741,Houston,32,2021-10-15,2021-12-27,N
742,Customer_742,New York,24,2020-07-11,2020-09-25,N
743,Customer_743,Houston,57,2021-04-05,2021-06-05,N
744,Customer_744,New York,63,2023-04-26,2023-06-04,N
745,Customer_745,New York,57,2023-01-05,,Y
746,Customer_746,New York,50,2021-05-03,2021-07-04,N
747,Customer_747,Los Angeles,51,2021-12-21,2022-02-06,N
748,Customer_748,New York,47,2022-05-18,,Y
749,Customer_749,New York,25,2022-11-01,2022-12-02,N
750,Customer_750,Los Angeles,39,2021-09-06,2021-10-28,N
751,Customer_751,Chicago,27,2022-05-05,2022-08-13,N
752,Customer_752,Los Angeles,60,2022-09-11,,Y
753,Customer_753,Chicago,54,2021-09-02,2021-12-09,N
754,Customer_754,New York,54,2022-02-14,2022-04-10,N
755,Customer_755,Houston,61,2022-08-09,2022-10-28,N
756,Customer_756,Phoenix,38,2023-01-28,,Y
757,Customer_757,New York,59,2021-05-25,2021-07-14,N
758,Customer_758,Houston,67,2020-04-23,2020-06-23,N
759,Customer_759,Houston,60,2021-05-26,,Y
760,Customer_760,Los Angeles,38,2023-02-23,2023-05-04,N
761,Customer_761,Chicago,42,2022-04-20,2022-07-10,N
762,Customer_762,Houston,25,2020-02-12,2020-05-09,N
763,Customer_763,Los Angeles,64,2021-09-11,2021-11-17,N
764,Customer_764,Chicago,21,2020-08-12,2020-10-09,N
765,Customer_765,Chicago,21,2020-06-24,2020-09-13,N
766,Customer_766,Houston,21,2021-09-21,2021-11-02,N
767,Customer_767,New York,30,2021-03-30,,Y
768,Customer_768,Chicago,67,2021-01-06,2021-04-05,N
769,Customer_769,Chicago,69,2023-08-18,2023-10-03,N
770,Customer_770,New York,48,2023-03-20,2023-06-26,N
771,Customer_771,New York,33,2023-05-04,,Y
772,Customer_772,New York,21,2022-01-11,2022-02-21,N
773,Customer_773,Houston,55,2021-09-20,2021-12-09,N
774,Customer_774,New York,65,2021-07-23,2021-10-18,N
775,Customer_775,Los Angeles,26,2022-05-14,,Y
776,Customer_776,New York,32,2022-12-02,2023-02-15,N
777,Customer_777,Chicago,56,2022-09-22,,Y
778,Customer_778,Chicago,50,2020-07-03,2020-08-11,N
779,Customer_779,Chicago,64,2022-11-09,2022-12-12,N
780,Customer_780,New York,42,2021-11-29,2022-01-30,N
781,Customer_781,Houston,21,2021-05-01,2021-06-05,N
782,Customer_782,Los Angeles,33,2020-12-24,,Y
783,Customer_783,New York,55,2022-07-05,2022-10-01,N
784,Customer_784,Phoenix,31,2020-02-03,2020-04-28,N
785,Customer_785,Chicago,58,2021-11-03,2022-01-20,N
786,Customer_786,New York,61,2021-08-22,2021-09-23,N
787,Customer_787,Chicago,56,2020-09-14,,Y
788,Customer_788,Los Angeles,55,2023-04-13,2023-05-29,N
789,Customer_789,Phoenix,43,2023-06-16,2023-08-19,N
790,Customer_790,Houston,41,2021-05-13,2021-08-01,N
791,Customer_791,Houston,65,2020-10-07,2020-12-05,N
792,Customer_792,Houston,66,2021-01-29,2021-03-12,N
793,Customer_793,Chicago,54,2022-08-04,2022-11-08,N
794,Customer_794,New York,60,2023-03-27,2023-05-19,N
795,Customer_795,Phoenix,41,2020-09-04,2020-11-14,N
796,Customer_796,Houston,20,2022-10-01,,Y
797,Customer_797,Phoenix,68,2022-10-02,,Y
798,Customer_798,Los Angeles,22,2023-02-23,2023-05-25,N
799,Customer_799,New York,66,2022-12-15,,Y
800,Customer_800,Houston,26,2022-07-02,,Y
801,Customer_801,New York,41,2021-02-04,,Y
802,Customer_802,Los Angeles,58,2022-07-31,2022-10-27,N
803,Customer_803,Chicago,50,2020-01-03,,Y
804,Customer_804,Houston,39,2020-01-19,,Y
805,Customer_805,Los Angeles,55,2021-07-14,2021-08-17,N
806,Customer_806,Phoenix,61,2021-09-14,2021-12-11,N
807,Customer_807,Los Angeles,26,2023-06-29,,Y
808,Customer_808,New York,56,2021-03-16,2021-06-07,N
809,Customer_809,Phoenix,66,2021-04-05,2021-05-08,N
810,Customer_810,Phoenix,37,2021-07-29,2021-08-30,N
811,Customer_811,Houston,21,2021-12-12,,Y
812,Customer_812,Los Angeles,51,2022-06-15,2022-09-06,N
813,Customer_813,Los Angeles,29,2020-10-11,2020-12-23,N
814,Customer_814,Phoenix,58,2022-01-20,,Y
815,Customer_815,Los Angeles,40,2022-09-22,,Y
816,Customer_816,Phoenix,56,2021-03-13,2021-04-27,N
817,Customer_817,New York,69,2023-06-09,,Y
818,Customer_818,New York,63,2021-05-07,2021-07-22,N
819,Customer_819,Chicago,70,2021-09-30,2022-01-05,N
820,Customer_820,Los Angeles,64,2022-06-14,2022-08-15,N
821,Customer_821,New York,21,2023-09-01,2023-11-14,N
822,Customer_822,Houston,62,2021-01-28,,Y
823,Customer_823,Phoenix,42,2022-01-28,2022-03-28,N
824,Customer_824,Phoenix,58,2023-02-13,2023-05-13,N
825,Customer_825,Phoenix,35,2022-07-03,2022-08-07,N
826,Customer_826,Los Angeles,59,2020-11-18,2021-02-14,N
827,Customer_827,Houston,70,2021-01-28,2021-03-24,N
828,Customer_828,Houston,58,2020-01-21,2020-04-11,N
829,Customer_829,Houston,61,2023-07-22,2023-10-18,N
830,Customer_830,Houston,51,2020-04-02,2020-06-06,N
831,Customer_831,New York,24,2023-07-26,2023-09-23,N
832,Customer_832,Phoenix,50,2021-06-23,2021-09-24,N
833,Customer_833,Houston,30,2023-07-29,2023-09-29,N
834,Customer_834,New York,55,2023-07-02,,Y
835,Customer_835,Phoenix,29,2020-01-07,,Y
836,Customer_836,Houston,30,2023-05-01,2023-07-20,N
837,Customer_837,Los Angeles,53,2020-02-04,2020-04-28,N
838,Customer_838,New York,20,2021-02-15,2021-04-19,N
839,Customer_839,Phoenix,29,2022-12-10,2023-03-12,N
840,Customer_840,Houston,39,2021-09-01,2021-11-24,N
841,Customer_841,Phoenix,22,2023-06-21,2023-08-05,N
842,Customer_842,Phoenix,43,2020-05-30,2020-07-06,N
843,Customer_843,Houston,48,2020-12-20,2021-02-23,N
844,Customer_844,New York,52,2021-07-16,2021-09-09,N
845,Customer_845,Chicago,51,2020-10-28,,Y
846,Customer_846,Houston,34,2021-09-21,2021-11-23,N
847,Customer_847,Chicago,68,2022-08-09,2022-10-14,N
848,Customer_848,Phoenix,24,2022-07-16,2022-09-21,N
849,Customer_849,Phoenix,63,2020-04-23,,Y
850,Customer_850,Los Angeles,43,2020-05-29,2020-09-02,N
851,Customer_851,New York,38,2022-04-22,2022-06-06,N
852,Customer_852,New York,68,2020-10-04,,Y
853,Customer_853,Los Angeles,50,2023-06-23,2023-08-13,N
854,Customer_854,Los Angeles,46,2022-01-14,,Y
855,Customer_855,Houston,63,2022-02-04,2022-04-19,N
856,Customer_856,New York,59,2021-06-05,2021-07-21,N
857,Customer_857,Houston,58,2020-07-02,,Y
858,Customer_858,New York,60,2020-02-12,2020-05-21,N
859,Customer_859,Houston,27,2020-09-20,2020-12-03,N
860,Customer_860,Los Angeles,45,2022-08-07,2022-09-17,N
861,Customer_861,Houston,65,2022-09-14,2022-10-26,N
862,Customer_862,Phoenix,56,2020-11-26,,Y
863,Customer_863,New York,40,2022-08-05,2022-09-13,N
864,Customer_864,New York,31,2021-12-11,,Y
865,Customer_865,Los Angeles,38,2023-05-18,,Y
866,Customer_866,New York,57,2022-01-13,2022-03-10,N
867,Customer_867,Phoenix,44,2022-04-01,2022-05-22,N
868,Customer_868,Los Angeles,37,2023-04-08,2023-06-14,N
869,Customer_869,Houston,55,2020-06-09,2020-09-15,N
870,Customer_870,Los Angeles,52,2022-09-20,,Y
871,Customer_871,Chicago,25,2020-11-20,,Y
872,Customer_872,Phoenix,28,2022-11-06,2023-01-23,N
873,Customer_873,New York,44,2022-01-20,2022-04-03,N
874,Customer_874,New York,48,2021-02-06,2021-04-24,N
875,Customer_875,Los Angeles,28,2020-01-20,2020-03-22,N
876,Customer_876,Chicago,27,2020-04-29,,Y
877,Customer_877,Los Angeles,37,2023-07-18,,Y
878,Customer_878,Los Angeles,24,2020-03-13,2020-05-27,N
879,Customer_879,Phoenix,28,2022-10-08,,Y
880,Customer_880,Houston,37,2020-04-16,,Y
881,Customer_881,Phoenix,63,2023-02-11,2023-05-15,N
882,Customer_882,Phoenix,34,2022-03-24,2022-05-10,N
883,Customer_883,Chicago,27,2022-03-10,,Y
884,Customer_884,New York,28,2020-06-14,,Y
885,Customer_885,Houston,55,2021-12-02,,Y
886,Customer_886,New York,28,2020-11-10,,Y
887,Customer_887,New York,69,2023-02-15,2023-05-12,N
888,Customer_888,Houston,28,2020-01-09,2020-03-06,N
889,Customer_889,Houston,55,2022-10-16,2022-12-06,N
890,Customer_890,New York,49,2023-07-26,2023-10-07,N
891,Customer_891,Houston,68,2021-10-20,2022-01-18,N
892,Customer_892,Chicago,65,2022-09-11,,Y
893,Customer_893,Houston,61,2020-11-19,2021-02-13,N
894,Customer_894,New York,38,2021-06-15,2021-07-18,N
895,Customer_895,New York,66,2023-04-21,,Y
896,Customer_896,New York,50,2022-12-16,2023-02-25,N
897,Customer_897,Phoenix,48,2022-06-13,,Y
898,Customer_898,Los Angeles,41,2020-11-20,2021-02-09,N
899,Customer_899,Chicago,24,2021-03-15,2021-04-24,N
900,Customer_900,Phoenix,35,2022-11-27,,Y
901,Customer_901,Chicago,69,2023-07-17,,Y
902,Customer_902,Houston,54,2021-07-13,,Y
903,Customer_903,Phoenix,60,2022-05-27,2022-08-19,N
904,Customer_904,Phoenix,68,2023-06-02,,Y
905,Customer_905,Chicago,62,2020-04-12,2020-07-02,N
906,Customer_906,Houston,62,2021-11-13,2022-02-13,N
907,Customer_907,Los Angeles,60,2022-06-10,2022-09-06,N
908,Customer_908,Houston,50,2022-09-25,2022-12-21,N
909,Customer_909,Chicago,60,2021-02-17,2021-05-24,N
910,Customer_910,New York,46,2021-12-19,,Y
911,Customer_911,Houston,54,2022-07-10,2022-10-02,N
912,Customer_912,Los Angeles,26,2020-06-30,2020-09-12,N
913,Customer_913,Houston,41,2020-02-25,2020-04-07,N
914,Customer_914,Los Angeles,22,2023-08-10,2023-10-16,N
915,Customer_915,Houston,25,2020-10-19,,Y
916,Customer_916,New York,67,2022-02-21,2022-05-20,N
917,Customer_917,New York,26,2021-08-14,,Y
918,Customer_918,Phoenix,59,2022-11-09,,Y
919,Customer_919,Chicago,35,2020-12-18,,Y
920,Customer_920,Phoenix,20,2022-02-22,2022-04-05,N
921,Customer_921,Chicago,49,2023-02-01,2023-05-02,N
922,Customer_922,Chicago,60,2023-01-25,2023-04-16,N
923,Customer_923,New York,40,2022-08-27,2022-11-30,N
924,Customer_924,Houston,47,2020-05-28,2020-08-20,N
925,Customer_925,Houston,66,2022-11-04,,Y
926,Customer_926,New York,52,2022-12-30,2023-04-04,N
927,Customer_927,Los Angeles,50,2022-09-18,2022-11-18,N
928,Customer_928,New York,37,2023-04-12,2023-06-27,N
929,Customer_929,New York,20,2021-11-28,2022-03-02,N
930,Customer_930,Phoenix,67,2022-07-25,2022-09-11,N
931,Customer_931,Houston,20,2020-09-27,2020-11-05,N
932,Customer_932,Chicago,38,2023-04-02,2023-05-09,N
933,Customer_933,Phoenix,48,2020-01-15,2020-04-17,N
934,Customer_934,Los Angeles,51,2021-10-30,2022-01-31,N
935,Customer_935,Houston,51,2021-12-12,,Y
936,Customer_936,Los Angeles,43,2020-05-11,2020-08-08,N
937,Customer_937,Phoenix,20,2020-03-15,2020-05-22,N
938,Customer_938,New York,32,2020-02-12,2020-05-13,N
939,Customer_939,New York,41,2021-09-27,2021-11-05,N
940,Customer_940,Chicago,67,2023-05-28,2023-07-02,N
941,Customer_941,Los Angeles,23,2020-03-12,2020-04-24,N
942,Customer_942,Houston,40,2021-02-08,2021-04-09,N
943,Customer_943,New York,38,2022-04-03,2022-06-19,N
944,Customer_944,Houston,51,2023-06-22,2023-08-15,N
945,Customer_945,Houston,65,2021-12-25,2022-02-16,N
946,Customer_946,Houston,21,2021-05-22,2021-08-16,N
947,Customer_947,Los Angeles,23,2023-06-02,2023-08-04,N
948,Customer_948,Los Angeles,45,2022-12-01,2023-02-14,N
949,Customer_949,Chicago,30,2022-07-28,2022-10-17,N
950,Customer_950,Chicago,21,2022-11-02,2023-02-05,N
951,Customer_951,Phoenix,48,2023-01-03,,Y
952,Customer_952,Houston,46,2022-12-18,,Y
953,Customer_953,Chicago,47,2022-01-13,2022-03-22,N
954,Customer_954,Los Angeles,61,2021-10-01,2021-12-17,N
955,Customer_955,New York,70,2023-03-21,2023-06-09,N
956,Customer_956,Chicago,29,2022-07-01,,Y
957,Customer_957,Los Angeles,64,2022-11-07,2023-01-20,N
958,Customer_958,New York,32,2021-01-20,2021-04-09,N
959,Customer_959,Phoenix,53,2020-02-22,,Y
960,Customer_960,Chicago,54,2020-09-15,2020-10-17,N
961,Customer_961,Los Angeles,35,2021-08-29,2021-12-04,N
962,Customer_962,Phoenix,67,2020-10-13,2020-12-21,N
963,Customer_963,Houston,56,2022-04-15,2022-05-16,N
964,Customer_964,Houston,69,2020-08-06,2020-09-26,N
965,Customer_965,Phoenix,57,2023-07-15,,Y
966,Customer_966,Houston,27,2022-06-28,2022-09-23,N
967,Customer_967,Los Angeles,50,2023-08-19,,Y
968,Customer_968,Los Angeles,54,2021-04-19,2021-07-16,N
969,Customer_969,New York,20,2023-08-21,2023-11-26,N
970,Customer_970,Phoenix,20,2020-11-22,,Y
971,Customer_971,Phoenix,23,2022-12-20,2023-03-13,N
972,Customer_972,Chicago,35,2020-07-27,,Y
973,Customer_973,Houston,53,2023-07-25,2023-10-17,N
974,Customer_974,Chicago,44,2022-09-03,,Y
975,Customer_975,Houston,23,2022-10-13,2022-12-31,N
976,Customer_976,Chicago,28,2020-01-20,2020-02-27,N
977,Customer_977,New York,26,2022-12-17,2023-03-27,N
978,Customer_978,New York,32,2021-12-18,2022-03-04,N
979,Customer_979,Chicago,28,2022-11-27,2023-02-16,N
980,Customer_980,New York,59,2020-02-14,2020-05-05,N
981,Customer_981,Houston,36,2022-08-25,,Y
982,Customer_982,New York,32,2022-08-12,,Y
983,Customer_983,Houston,51,2023-04-24,2023-06-06,N
984,Customer_984,New York,31,2021-02-01,2021-05-12,N
985,Customer_985,Phoenix,33,2021-03-31,2021-05-07,N
986,Customer_986,Chicago,63,2023-09-19,,Y
987,Customer_987,Houston,63,2020-12-01,,Y
988,Customer_988,Los Angeles,38,2021-11-26,,Y
989,Customer_989,Phoenix,20,2023-07-18,2023-09-18,N
990,Customer_990,Houston,60,2022-07-20,2022-10-09,N
991,Customer_991,Los Angeles,61,2020-07-05,2020-10-10,N
992,Customer_992,Los Angeles,28,2020-08-14,2020-11-12,N
993,Customer_993,New York,33,2022-01-29,2022-03-18,N
994,Customer_994,New York,58,2023-08-28,2023-11-26,N
995,Customer_995,Houston,54,2022-06-15,2022-09-23,N
996,Customer_996,New York,46,2020-06-03,2020-07-17,N
997,Customer_997,New York,32,2020-09-29,2020-12-07,N
998,Customer_998,Phoenix,21,2020-09-06,2020-12-07,N
999,Customer_999,Phoenix,50,2022-04-28,2022-06-07,N
1000,Customer_1000,Los Angeles,68,2023-08-15,,Y
